[{"model": "admin.logentry", "pk": 1, "fields": {"action_time": "2024-07-28T18:13:58.811Z", "user": 2, "content_type": 13, "object_id": "1", "object_repr": "Lehnga", "action_flag": 1, "change_message": "[{\"added\": {}}]"}}, {"model": "admin.logentry", "pk": 2, "fields": {"action_time": "2024-07-28T18:14:27.839Z", "user": 2, "content_type": 13, "object_id": "2", "object_repr": "Codset", "action_flag": 1, "change_message": "[{\"added\": {}}]"}}, {"model": "admin.logentry", "pk": 3, "fields": {"action_time": "2024-07-28T18:14:42.602Z", "user": 2, "content_type": 13, "object_id": "3", "object_repr": "Sarees", "action_flag": 1, "change_message": "[{\"added\": {}}]"}}, {"model": "admin.logentry", "pk": 4, "fields": {"action_time": "2024-07-28T18:14:53.877Z", "user": 2, "content_type": 13, "object_id": "4", "object_repr": "Suits", "action_flag": 1, "change_message": "[{\"added\": {}}]"}}, {"model": "admin.logentry", "pk": 5, "fields": {"action_time": "2024-07-28T18:15:08.532Z", "user": 2, "content_type": 13, "object_id": "5", "object_repr": "Gowns", "action_flag": 1, "change_message": "[{\"added\": {}}]"}}, {"model": "admin.logentry", "pk": 6, "fields": {"action_time": "2024-07-28T18:15:28.088Z", "user": 2, "content_type": 13, "object_id": "6", "object_repr": "Sherwani", "action_flag": 1, "change_message": "[{\"added\": {}}]"}}, {"model": "admin.logentry", "pk": 7, "fields": {"action_time": "2024-07-28T18:16:55.768Z", "user": 2, "content_type": 13, "object_id": "7", "object_repr": "Bridal Wear", "action_flag": 1, "change_message": "[{\"added\": {}}]"}}, {"model": "admin.logentry", "pk": 8, "fields": {"action_time": "2024-07-28T18:21:46.056Z", "user": 2, "content_type": 14, "object_id": "1", "object_repr": "Lehnga", "action_flag": 1, "change_message": "[{\"added\": {}}]"}}, {"model": "admin.logentry", "pk": 9, "fields": {"action_time": "2024-07-28T18:23:46.286Z", "user": 2, "content_type": 14, "object_id": "2", "object_repr": "Lehnga", "action_flag": 1, "change_message": "[{\"added\": {}}]"}}, {"model": "admin.logentry", "pk": 10, "fields": {"action_time": "2024-07-28T18:25:42.736Z", "user": 2, "content_type": 14, "object_id": "3", "object_repr": "Lehnga", "action_flag": 1, "change_message": "[{\"added\": {}}]"}}, {"model": "admin.logentry", "pk": 11, "fields": {"action_time": "2024-07-28T18:27:10.402Z", "user": 2, "content_type": 14, "object_id": "4", "object_repr": "Lehnga", "action_flag": 1, "change_message": "[{\"added\": {}}]"}}, {"model": "admin.logentry", "pk": 12, "fields": {"action_time": "2024-07-28T18:28:38.672Z", "user": 2, "content_type": 14, "object_id": "5", "object_repr": "Lehnga", "action_flag": 1, "change_message": "[{\"added\": {}}]"}}, {"model": "admin.logentry", "pk": 13, "fields": {"action_time": "2024-07-28T18:37:29.498Z", "user": 2, "content_type": 14, "object_id": "6", "object_repr": "Lehnga", "action_flag": 1, "change_message": "[{\"added\": {}}]"}}, {"model": "admin.logentry", "pk": 14, "fields": {"action_time": "2024-07-28T18:40:03.952Z", "user": 2, "content_type": 14, "object_id": "7", "object_repr": "Dress", "action_flag": 1, "change_message": "[{\"added\": {}}]"}}, {"model": "admin.logentry", "pk": 15, "fields": {"action_time": "2024-07-28T18:44:07.788Z", "user": 2, "content_type": 14, "object_id": "8", "object_repr": "Dress", "action_flag": 1, "change_message": "[{\"added\": {}}]"}}, {"model": "admin.logentry", "pk": 16, "fields": {"action_time": "2024-07-28T18:45:20.634Z", "user": 2, "content_type": 14, "object_id": "9", "object_repr": "Dress", "action_flag": 1, "change_message": "[{\"added\": {}}]"}}, {"model": "admin.logentry", "pk": 17, "fields": {"action_time": "2024-07-28T18:46:19.659Z", "user": 2, "content_type": 14, "object_id": "10", "object_repr": "Dress", "action_flag": 1, "change_message": "[{\"added\": {}}]"}}, {"model": "admin.logentry", "pk": 18, "fields": {"action_time": "2024-07-28T18:47:15.375Z", "user": 2, "content_type": 14, "object_id": "11", "object_repr": "Dress", "action_flag": 1, "change_message": "[{\"added\": {}}]"}}, {"model": "admin.logentry", "pk": 19, "fields": {"action_time": "2024-07-28T19:01:22.080Z", "user": 2, "content_type": 14, "object_id": "12", "object_repr": "Dress", "action_flag": 1, "change_message": "[{\"added\": {}}]"}}, {"model": "admin.logentry", "pk": 20, "fields": {"action_time": "2024-07-28T19:01:45.511Z", "user": 2, "content_type": 14, "object_id": "11", "object_repr": "Dress", "action_flag": 2, "change_message": "[{\"changed\": {\"fields\": [\"Rating\"]}}]"}}, {"model": "admin.logentry", "pk": 21, "fields": {"action_time": "2024-07-28T19:01:55.952Z", "user": 2, "content_type": 14, "object_id": "10", "object_repr": "Dress", "action_flag": 2, "change_message": "[{\"changed\": {\"fields\": [\"Rating\"]}}]"}}, {"model": "admin.logentry", "pk": 22, "fields": {"action_time": "2024-07-28T19:02:09.793Z", "user": 2, "content_type": 14, "object_id": "7", "object_repr": "Dress", "action_flag": 2, "change_message": "[{\"changed\": {\"fields\": [\"Rating\"]}}]"}}, {"model": "admin.logentry", "pk": 23, "fields": {"action_time": "2024-07-28T19:02:33.962Z", "user": 2, "content_type": 14, "object_id": "10", "object_repr": "Dress", "action_flag": 2, "change_message": "[{\"changed\": {\"fields\": [\"Rating\"]}}]"}}, {"model": "admin.logentry", "pk": 24, "fields": {"action_time": "2024-07-28T19:02:52.635Z", "user": 2, "content_type": 14, "object_id": "12", "object_repr": "Dress", "action_flag": 2, "change_message": "[{\"changed\": {\"fields\": [\"Rating\"]}}]"}}, {"model": "admin.logentry", "pk": 25, "fields": {"action_time": "2024-07-28T19:03:13.885Z", "user": 2, "content_type": 14, "object_id": "11", "object_repr": "Dress", "action_flag": 2, "change_message": "[{\"changed\": {\"fields\": [\"Rating\"]}}]"}}, {"model": "admin.logentry", "pk": 26, "fields": {"action_time": "2024-07-28T19:04:17.369Z", "user": 2, "content_type": 14, "object_id": "13", "object_repr": "Dress", "action_flag": 1, "change_message": "[{\"added\": {}}]"}}, {"model": "admin.logentry", "pk": 27, "fields": {"action_time": "2024-07-28T19:05:34.230Z", "user": 2, "content_type": 14, "object_id": "14", "object_repr": "Dress", "action_flag": 1, "change_message": "[{\"added\": {}}]"}}, {"model": "admin.logentry", "pk": 28, "fields": {"action_time": "2024-07-28T19:06:11.447Z", "user": 2, "content_type": 14, "object_id": "15", "object_repr": "Dress", "action_flag": 1, "change_message": "[{\"added\": {}}]"}}, {"model": "admin.logentry", "pk": 29, "fields": {"action_time": "2024-07-28T19:07:33.716Z", "user": 2, "content_type": 14, "object_id": "16", "object_repr": "Dress", "action_flag": 1, "change_message": "[{\"added\": {}}]"}}, {"model": "admin.logentry", "pk": 30, "fields": {"action_time": "2024-07-28T19:08:34.180Z", "user": 2, "content_type": 14, "object_id": "17", "object_repr": "Dress", "action_flag": 1, "change_message": "[{\"added\": {}}]"}}, {"model": "admin.logentry", "pk": 31, "fields": {"action_time": "2024-07-28T19:09:39.952Z", "user": 2, "content_type": 14, "object_id": "18", "object_repr": "Dress", "action_flag": 1, "change_message": "[{\"added\": {}}]"}}, {"model": "admin.logentry", "pk": 32, "fields": {"action_time": "2024-07-28T19:10:30.800Z", "user": 2, "content_type": 14, "object_id": "19", "object_repr": "Dress", "action_flag": 1, "change_message": "[{\"added\": {}}]"}}, {"model": "admin.logentry", "pk": 33, "fields": {"action_time": "2024-07-28T19:10:32.937Z", "user": 2, "content_type": 14, "object_id": "20", "object_repr": "Dress", "action_flag": 1, "change_message": "[{\"added\": {}}]"}}, {"model": "admin.logentry", "pk": 34, "fields": {"action_time": "2024-07-28T19:12:11.865Z", "user": 2, "content_type": 14, "object_id": "21", "object_repr": "Dress", "action_flag": 1, "change_message": "[{\"added\": {}}]"}}, {"model": "admin.logentry", "pk": 35, "fields": {"action_time": "2024-07-28T19:13:13.887Z", "user": 2, "content_type": 14, "object_id": "22", "object_repr": "Dress", "action_flag": 1, "change_message": "[{\"added\": {}}]"}}, {"model": "admin.logentry", "pk": 36, "fields": {"action_time": "2024-07-28T19:14:09.390Z", "user": 2, "content_type": 14, "object_id": "23", "object_repr": "Dress", "action_flag": 1, "change_message": "[{\"added\": {}}]"}}, {"model": "admin.logentry", "pk": 37, "fields": {"action_time": "2024-07-28T19:14:57.013Z", "user": 2, "content_type": 14, "object_id": "24", "object_repr": "Dress", "action_flag": 1, "change_message": "[{\"added\": {}}]"}}, {"model": "admin.logentry", "pk": 38, "fields": {"action_time": "2024-07-28T19:15:52.311Z", "user": 2, "content_type": 14, "object_id": "25", "object_repr": "Dress", "action_flag": 1, "change_message": "[{\"added\": {}}]"}}, {"model": "admin.logentry", "pk": 39, "fields": {"action_time": "2024-07-28T19:19:38.962Z", "user": 2, "content_type": 14, "object_id": "26", "object_repr": "Dress", "action_flag": 1, "change_message": "[{\"added\": {}}]"}}, {"model": "admin.logentry", "pk": 40, "fields": {"action_time": "2024-07-28T19:20:39.468Z", "user": 2, "content_type": 14, "object_id": "27", "object_repr": "Dress", "action_flag": 1, "change_message": "[{\"added\": {}}]"}}, {"model": "admin.logentry", "pk": 41, "fields": {"action_time": "2024-07-28T19:21:54.381Z", "user": 2, "content_type": 14, "object_id": "28", "object_repr": "Dress", "action_flag": 1, "change_message": "[{\"added\": {}}]"}}, {"model": "admin.logentry", "pk": 42, "fields": {"action_time": "2024-07-28T19:21:54.498Z", "user": 2, "content_type": 14, "object_id": "29", "object_repr": "Dress", "action_flag": 1, "change_message": "[{\"added\": {}}]"}}, {"model": "admin.logentry", "pk": 43, "fields": {"action_time": "2024-07-28T19:22:50.377Z", "user": 2, "content_type": 14, "object_id": "30", "object_repr": "Dress", "action_flag": 1, "change_message": "[{\"added\": {}}]"}}, {"model": "admin.logentry", "pk": 44, "fields": {"action_time": "2024-07-28T19:24:19.470Z", "user": 2, "content_type": 14, "object_id": "31", "object_repr": "Dress", "action_flag": 1, "change_message": "[{\"added\": {}}]"}}, {"model": "admin.logentry", "pk": 45, "fields": {"action_time": "2024-07-28T19:25:37.864Z", "user": 2, "content_type": 14, "object_id": "32", "object_repr": "Dress", "action_flag": 1, "change_message": "[{\"added\": {}}]"}}, {"model": "admin.logentry", "pk": 46, "fields": {"action_time": "2024-07-28T19:27:13.378Z", "user": 2, "content_type": 14, "object_id": "33", "object_repr": "Dress", "action_flag": 1, "change_message": "[{\"added\": {}}]"}}, {"model": "admin.logentry", "pk": 47, "fields": {"action_time": "2024-07-28T19:28:24.965Z", "user": 2, "content_type": 14, "object_id": "34", "object_repr": "Dress", "action_flag": 1, "change_message": "[{\"added\": {}}]"}}, {"model": "admin.logentry", "pk": 48, "fields": {"action_time": "2024-07-28T19:28:27.303Z", "user": 2, "content_type": 14, "object_id": "35", "object_repr": "Dress", "action_flag": 1, "change_message": "[{\"added\": {}}]"}}, {"model": "admin.logentry", "pk": 49, "fields": {"action_time": "2024-07-28T19:28:45.354Z", "user": 2, "content_type": 14, "object_id": "36", "object_repr": "Dress", "action_flag": 1, "change_message": "[{\"added\": {}}]"}}, {"model": "admin.logentry", "pk": 50, "fields": {"action_time": "2024-07-28T19:28:45.444Z", "user": 2, "content_type": 14, "object_id": "37", "object_repr": "Dress", "action_flag": 1, "change_message": "[{\"added\": {}}]"}}, {"model": "admin.logentry", "pk": 51, "fields": {"action_time": "2024-07-28T19:28:45.478Z", "user": 2, "content_type": 14, "object_id": "38", "object_repr": "Dress", "action_flag": 1, "change_message": "[{\"added\": {}}]"}}, {"model": "admin.logentry", "pk": 52, "fields": {"action_time": "2024-07-28T19:28:45.629Z", "user": 2, "content_type": 14, "object_id": "39", "object_repr": "Dress", "action_flag": 1, "change_message": "[{\"added\": {}}]"}}, {"model": "admin.logentry", "pk": 53, "fields": {"action_time": "2024-07-28T19:29:54.338Z", "user": 2, "content_type": 14, "object_id": "40", "object_repr": "Dress", "action_flag": 1, "change_message": "[{\"added\": {}}]"}}, {"model": "admin.logentry", "pk": 54, "fields": {"action_time": "2024-07-28T19:29:56.276Z", "user": 2, "content_type": 14, "object_id": "41", "object_repr": "Dress", "action_flag": 1, "change_message": "[{\"added\": {}}]"}}, {"model": "admin.logentry", "pk": 55, "fields": {"action_time": "2024-07-28T19:31:11.174Z", "user": 2, "content_type": 14, "object_id": "42", "object_repr": "Dress", "action_flag": 1, "change_message": "[{\"added\": {}}]"}}, {"model": "admin.logentry", "pk": 56, "fields": {"action_time": "2024-07-28T19:32:49.974Z", "user": 2, "content_type": 14, "object_id": "43", "object_repr": "Dress", "action_flag": 1, "change_message": "[{\"added\": {}}]"}}, {"model": "admin.logentry", "pk": 57, "fields": {"action_time": "2024-07-28T19:34:18.690Z", "user": 2, "content_type": 14, "object_id": "44", "object_repr": "Dress", "action_flag": 1, "change_message": "[{\"added\": {}}]"}}, {"model": "admin.logentry", "pk": 58, "fields": {"action_time": "2024-07-28T19:36:07.213Z", "user": 2, "content_type": 14, "object_id": "45", "object_repr": "Dress", "action_flag": 1, "change_message": "[{\"added\": {}}]"}}, {"model": "admin.logentry", "pk": 59, "fields": {"action_time": "2024-07-28T19:36:10.665Z", "user": 2, "content_type": 14, "object_id": "46", "object_repr": "Dress", "action_flag": 1, "change_message": "[{\"added\": {}}]"}}, {"model": "admin.logentry", "pk": 60, "fields": {"action_time": "2024-07-28T19:37:38.097Z", "user": 2, "content_type": 14, "object_id": "47", "object_repr": "Dress", "action_flag": 1, "change_message": "[{\"added\": {}}]"}}, {"model": "admin.logentry", "pk": 61, "fields": {"action_time": "2024-07-28T19:42:13.256Z", "user": 2, "content_type": 14, "object_id": "48", "object_repr": "Dress", "action_flag": 1, "change_message": "[{\"added\": {}}]"}}, {"model": "admin.logentry", "pk": 62, "fields": {"action_time": "2024-07-28T19:43:35.451Z", "user": 2, "content_type": 14, "object_id": "49", "object_repr": "Dress", "action_flag": 1, "change_message": "[{\"added\": {}}]"}}, {"model": "admin.logentry", "pk": 63, "fields": {"action_time": "2024-07-28T19:43:37.779Z", "user": 2, "content_type": 14, "object_id": "50", "object_repr": "Dress", "action_flag": 1, "change_message": "[{\"added\": {}}]"}}, {"model": "admin.logentry", "pk": 64, "fields": {"action_time": "2024-07-28T19:43:38.750Z", "user": 2, "content_type": 14, "object_id": "51", "object_repr": "Dress", "action_flag": 1, "change_message": "[{\"added\": {}}]"}}, {"model": "admin.logentry", "pk": 65, "fields": {"action_time": "2024-07-28T19:45:24.447Z", "user": 2, "content_type": 14, "object_id": "52", "object_repr": "Dress", "action_flag": 1, "change_message": "[{\"added\": {}}]"}}, {"model": "admin.logentry", "pk": 66, "fields": {"action_time": "2024-07-28T19:46:08.257Z", "user": 2, "content_type": 14, "object_id": "27", "object_repr": "Dress", "action_flag": 2, "change_message": "[{\"changed\": {\"fields\": [\"Rating\"]}}]"}}, {"model": "admin.logentry", "pk": 67, "fields": {"action_time": "2024-07-28T19:47:47.247Z", "user": 2, "content_type": 14, "object_id": "53", "object_repr": "Dress", "action_flag": 1, "change_message": "[{\"added\": {}}]"}}, {"model": "admin.logentry", "pk": 68, "fields": {"action_time": "2024-07-28T19:48:44.740Z", "user": 2, "content_type": 14, "object_id": "54", "object_repr": "Dress", "action_flag": 1, "change_message": "[{\"added\": {}}]"}}, {"model": "admin.logentry", "pk": 69, "fields": {"action_time": "2024-07-28T19:49:37.163Z", "user": 2, "content_type": 14, "object_id": "55", "object_repr": "Dress", "action_flag": 1, "change_message": "[{\"added\": {}}]"}}, {"model": "admin.logentry", "pk": 70, "fields": {"action_time": "2024-07-28T19:50:49.538Z", "user": 2, "content_type": 14, "object_id": "56", "object_repr": "Dress", "action_flag": 1, "change_message": "[{\"added\": {}}]"}}, {"model": "admin.logentry", "pk": 71, "fields": {"action_time": "2024-07-28T19:51:48.539Z", "user": 2, "content_type": 14, "object_id": "57", "object_repr": "Dress", "action_flag": 1, "change_message": "[{\"added\": {}}]"}}, {"model": "admin.logentry", "pk": 72, "fields": {"action_time": "2024-07-28T19:52:44.932Z", "user": 2, "content_type": 14, "object_id": "58", "object_repr": "Dress", "action_flag": 1, "change_message": "[{\"added\": {}}]"}}, {"model": "admin.logentry", "pk": 73, "fields": {"action_time": "2024-07-28T19:53:53.446Z", "user": 2, "content_type": 14, "object_id": "59", "object_repr": "Dress", "action_flag": 1, "change_message": "[{\"added\": {}}]"}}, {"model": "admin.logentry", "pk": 74, "fields": {"action_time": "2024-07-28T19:54:51.352Z", "user": 2, "content_type": 14, "object_id": "60", "object_repr": "Dress", "action_flag": 1, "change_message": "[{\"added\": {}}]"}}, {"model": "admin.logentry", "pk": 75, "fields": {"action_time": "2024-07-28T19:55:53.409Z", "user": 2, "content_type": 14, "object_id": "61", "object_repr": "Dress", "action_flag": 1, "change_message": "[{\"added\": {}}]"}}, {"model": "admin.logentry", "pk": 76, "fields": {"action_time": "2024-07-28T19:57:14.966Z", "user": 2, "content_type": 14, "object_id": "62", "object_repr": "Dress", "action_flag": 1, "change_message": "[{\"added\": {}}]"}}, {"model": "admin.logentry", "pk": 77, "fields": {"action_time": "2024-07-28T19:58:16.714Z", "user": 2, "content_type": 14, "object_id": "63", "object_repr": "Dress", "action_flag": 1, "change_message": "[{\"added\": {}}]"}}, {"model": "admin.logentry", "pk": 78, "fields": {"action_time": "2024-07-28T19:59:52.480Z", "user": 2, "content_type": 14, "object_id": "64", "object_repr": "Dress", "action_flag": 1, "change_message": "[{\"added\": {}}]"}}, {"model": "admin.logentry", "pk": 79, "fields": {"action_time": "2024-07-28T20:01:26.265Z", "user": 2, "content_type": 14, "object_id": "65", "object_repr": "Dress", "action_flag": 1, "change_message": "[{\"added\": {}}]"}}, {"model": "admin.logentry", "pk": 80, "fields": {"action_time": "2024-07-28T20:03:00.685Z", "user": 2, "content_type": 14, "object_id": "66", "object_repr": "Dress", "action_flag": 1, "change_message": "[{\"added\": {}}]"}}, {"model": "admin.logentry", "pk": 81, "fields": {"action_time": "2024-07-28T20:03:03.664Z", "user": 2, "content_type": 14, "object_id": "67", "object_repr": "Dress", "action_flag": 1, "change_message": "[{\"added\": {}}]"}}, {"model": "admin.logentry", "pk": 82, "fields": {"action_time": "2024-07-28T20:05:56.324Z", "user": 2, "content_type": 14, "object_id": "68", "object_repr": "Dress", "action_flag": 1, "change_message": "[{\"added\": {}}]"}}, {"model": "admin.logentry", "pk": 83, "fields": {"action_time": "2024-07-28T20:06:44.190Z", "user": 2, "content_type": 14, "object_id": "69", "object_repr": "Dress", "action_flag": 1, "change_message": "[{\"added\": {}}]"}}, {"model": "admin.logentry", "pk": 84, "fields": {"action_time": "2024-07-28T20:07:36.139Z", "user": 2, "content_type": 14, "object_id": "70", "object_repr": "Dress", "action_flag": 1, "change_message": "[{\"added\": {}}]"}}, {"model": "admin.logentry", "pk": 85, "fields": {"action_time": "2024-07-28T20:08:24.646Z", "user": 2, "content_type": 14, "object_id": "71", "object_repr": "Dress", "action_flag": 1, "change_message": "[{\"added\": {}}]"}}, {"model": "admin.logentry", "pk": 86, "fields": {"action_time": "2024-07-28T20:09:56.236Z", "user": 2, "content_type": 14, "object_id": "72", "object_repr": "Dress", "action_flag": 1, "change_message": "[{\"added\": {}}]"}}, {"model": "admin.logentry", "pk": 87, "fields": {"action_time": "2024-07-28T20:09:57.857Z", "user": 2, "content_type": 14, "object_id": "73", "object_repr": "Dress", "action_flag": 1, "change_message": "[{\"added\": {}}]"}}, {"model": "admin.logentry", "pk": 88, "fields": {"action_time": "2024-07-28T20:10:34.217Z", "user": 2, "content_type": 14, "object_id": "29", "object_repr": "Dress", "action_flag": 2, "change_message": "[{\"changed\": {\"fields\": [\"Rating\"]}}]"}}, {"model": "admin.logentry", "pk": 89, "fields": {"action_time": "2024-07-28T20:10:56.266Z", "user": 2, "content_type": 14, "object_id": "26", "object_repr": "Dress", "action_flag": 2, "change_message": "[{\"changed\": {\"fields\": [\"Rating\"]}}]"}}, {"model": "admin.logentry", "pk": 90, "fields": {"action_time": "2024-07-28T20:13:04.229Z", "user": 2, "content_type": 14, "object_id": "74", "object_repr": "Dress", "action_flag": 1, "change_message": "[{\"added\": {}}]"}}, {"model": "admin.logentry", "pk": 91, "fields": {"action_time": "2024-07-28T20:14:15.062Z", "user": 2, "content_type": 14, "object_id": "75", "object_repr": "Dress", "action_flag": 1, "change_message": "[{\"added\": {}}]"}}, {"model": "admin.logentry", "pk": 92, "fields": {"action_time": "2024-07-28T20:15:23.774Z", "user": 2, "content_type": 14, "object_id": "76", "object_repr": "Dress", "action_flag": 1, "change_message": "[{\"added\": {}}]"}}, {"model": "admin.logentry", "pk": 93, "fields": {"action_time": "2024-07-28T20:16:39.909Z", "user": 2, "content_type": 14, "object_id": "77", "object_repr": "Dress", "action_flag": 1, "change_message": "[{\"added\": {}}]"}}, {"model": "admin.logentry", "pk": 94, "fields": {"action_time": "2024-07-28T20:18:02.143Z", "user": 2, "content_type": 14, "object_id": "78", "object_repr": "Dress", "action_flag": 1, "change_message": "[{\"added\": {}}]"}}, {"model": "admin.logentry", "pk": 95, "fields": {"action_time": "2024-07-28T20:19:37.274Z", "user": 2, "content_type": 14, "object_id": "79", "object_repr": "Dress", "action_flag": 1, "change_message": "[{\"added\": {}}]"}}, {"model": "admin.logentry", "pk": 96, "fields": {"action_time": "2024-07-28T20:20:37.004Z", "user": 2, "content_type": 14, "object_id": "80", "object_repr": "Dress", "action_flag": 1, "change_message": "[{\"added\": {}}]"}}, {"model": "admin.logentry", "pk": 97, "fields": {"action_time": "2024-07-28T20:21:37.264Z", "user": 2, "content_type": 14, "object_id": "81", "object_repr": "Dress", "action_flag": 1, "change_message": "[{\"added\": {}}]"}}, {"model": "admin.logentry", "pk": 98, "fields": {"action_time": "2024-07-28T20:22:38.948Z", "user": 2, "content_type": 14, "object_id": "82", "object_repr": "Dress", "action_flag": 1, "change_message": "[{\"added\": {}}]"}}, {"model": "admin.logentry", "pk": 99, "fields": {"action_time": "2024-07-28T20:23:40.039Z", "user": 2, "content_type": 14, "object_id": "83", "object_repr": "Dress", "action_flag": 1, "change_message": "[{\"added\": {}}]"}}, {"model": "admin.logentry", "pk": 100, "fields": {"action_time": "2024-07-28T20:24:01.851Z", "user": 2, "content_type": 14, "object_id": "6", "object_repr": "Lehnga", "action_flag": 2, "change_message": "[{\"changed\": {\"fields\": [\"Rating\"]}}]"}}, {"model": "admin.logentry", "pk": 101, "fields": {"action_time": "2024-07-31T09:39:16.126Z", "user": 2, "content_type": 14, "object_id": "84", "object_repr": "Dress", "action_flag": 1, "change_message": "[{\"added\": {}}]"}}, {"model": "admin.logentry", "pk": 102, "fields": {"action_time": "2024-07-31T09:40:43.871Z", "user": 2, "content_type": 14, "object_id": "85", "object_repr": "Dress", "action_flag": 1, "change_message": "[{\"added\": {}}]"}}, {"model": "admin.logentry", "pk": 103, "fields": {"action_time": "2024-07-31T09:43:44.230Z", "user": 2, "content_type": 14, "object_id": "86", "object_repr": "Dress", "action_flag": 1, "change_message": "[{\"added\": {}}]"}}, {"model": "admin.logentry", "pk": 104, "fields": {"action_time": "2024-07-31T09:43:47.433Z", "user": 2, "content_type": 14, "object_id": "87", "object_repr": "Dress", "action_flag": 1, "change_message": "[{\"added\": {}}]"}}, {"model": "admin.logentry", "pk": 105, "fields": {"action_time": "2024-07-31T09:43:48.498Z", "user": 2, "content_type": 14, "object_id": "88", "object_repr": "Dress", "action_flag": 1, "change_message": "[{\"added\": {}}]"}}, {"model": "admin.logentry", "pk": 106, "fields": {"action_time": "2024-07-31T09:45:19.485Z", "user": 2, "content_type": 14, "object_id": "89", "object_repr": "Dress", "action_flag": 1, "change_message": "[{\"added\": {}}]"}}, {"model": "admin.logentry", "pk": 107, "fields": {"action_time": "2024-07-31T09:45:22.795Z", "user": 2, "content_type": 14, "object_id": "90", "object_repr": "Dress", "action_flag": 1, "change_message": "[{\"added\": {}}]"}}, {"model": "admin.logentry", "pk": 108, "fields": {"action_time": "2024-07-31T09:48:34.866Z", "user": 2, "content_type": 14, "object_id": "91", "object_repr": "Dress", "action_flag": 1, "change_message": "[{\"added\": {}}]"}}, {"model": "admin.logentry", "pk": 109, "fields": {"action_time": "2024-07-31T09:50:36.851Z", "user": 2, "content_type": 14, "object_id": "92", "object_repr": "Dress", "action_flag": 1, "change_message": "[{\"added\": {}}]"}}, {"model": "admin.logentry", "pk": 110, "fields": {"action_time": "2024-07-31T09:52:20.443Z", "user": 2, "content_type": 14, "object_id": "93", "object_repr": "Dress", "action_flag": 1, "change_message": "[{\"added\": {}}]"}}, {"model": "admin.logentry", "pk": 111, "fields": {"action_time": "2024-07-31T09:53:46.062Z", "user": 2, "content_type": 14, "object_id": "94", "object_repr": "Dress", "action_flag": 1, "change_message": "[{\"added\": {}}]"}}, {"model": "admin.logentry", "pk": 112, "fields": {"action_time": "2024-07-31T09:55:40.276Z", "user": 2, "content_type": 14, "object_id": "95", "object_repr": "Dress", "action_flag": 1, "change_message": "[{\"added\": {}}]"}}, {"model": "admin.logentry", "pk": 113, "fields": {"action_time": "2024-07-31T09:57:12.215Z", "user": 2, "content_type": 14, "object_id": "96", "object_repr": "Dress", "action_flag": 1, "change_message": "[{\"added\": {}}]"}}, {"model": "admin.logentry", "pk": 114, "fields": {"action_time": "2024-07-31T09:58:32.990Z", "user": 2, "content_type": 14, "object_id": "97", "object_repr": "Dress", "action_flag": 1, "change_message": "[{\"added\": {}}]"}}, {"model": "admin.logentry", "pk": 115, "fields": {"action_time": "2024-07-31T10:00:10.180Z", "user": 2, "content_type": 14, "object_id": "91", "object_repr": "Dress", "action_flag": 2, "change_message": "[{\"changed\": {\"fields\": [\"Category\"]}}]"}}, {"model": "admin.logentry", "pk": 116, "fields": {"action_time": "2024-07-31T10:00:13.901Z", "user": 2, "content_type": 14, "object_id": "91", "object_repr": "Dress", "action_flag": 2, "change_message": "[]"}}, {"model": "admin.logentry", "pk": 117, "fields": {"action_time": "2024-07-31T10:00:15.936Z", "user": 2, "content_type": 14, "object_id": "91", "object_repr": "Dress", "action_flag": 2, "change_message": "[]"}}, {"model": "admin.logentry", "pk": 118, "fields": {"action_time": "2024-07-31T19:37:39.494Z", "user": 2, "content_type": 14, "object_id": "98", "object_repr": "Dress", "action_flag": 1, "change_message": "[{\"added\": {}}]"}}, {"model": "admin.logentry", "pk": 119, "fields": {"action_time": "2024-07-31T19:41:09.068Z", "user": 2, "content_type": 14, "object_id": "99", "object_repr": "Dress", "action_flag": 1, "change_message": "[{\"added\": {}}]"}}, {"model": "admin.logentry", "pk": 120, "fields": {"action_time": "2024-07-31T19:42:32.875Z", "user": 2, "content_type": 14, "object_id": "100", "object_repr": "Dress", "action_flag": 1, "change_message": "[{\"added\": {}}]"}}, {"model": "admin.logentry", "pk": 121, "fields": {"action_time": "2024-07-31T19:44:47.684Z", "user": 2, "content_type": 14, "object_id": "101", "object_repr": "Dress", "action_flag": 1, "change_message": "[{\"added\": {}}]"}}, {"model": "admin.logentry", "pk": 122, "fields": {"action_time": "2024-07-31T19:46:14.923Z", "user": 2, "content_type": 14, "object_id": "102", "object_repr": "Dress", "action_flag": 1, "change_message": "[{\"added\": {}}]"}}, {"model": "admin.logentry", "pk": 123, "fields": {"action_time": "2024-07-31T19:48:22.305Z", "user": 2, "content_type": 14, "object_id": "103", "object_repr": "Dress", "action_flag": 1, "change_message": "[{\"added\": {}}]"}}, {"model": "admin.logentry", "pk": 124, "fields": {"action_time": "2024-07-31T19:49:34.165Z", "user": 2, "content_type": 14, "object_id": "104", "object_repr": "Dress", "action_flag": 1, "change_message": "[{\"added\": {}}]"}}, {"model": "admin.logentry", "pk": 125, "fields": {"action_time": "2024-07-31T19:50:58.621Z", "user": 2, "content_type": 14, "object_id": "105", "object_repr": "Dress", "action_flag": 1, "change_message": "[{\"added\": {}}]"}}, {"model": "admin.logentry", "pk": 126, "fields": {"action_time": "2024-07-31T19:51:30.862Z", "user": 2, "content_type": 14, "object_id": "84", "object_repr": "Dress", "action_flag": 2, "change_message": "[{\"changed\": {\"fields\": [\"Rating\"]}}]"}}, {"model": "admin.logentry", "pk": 127, "fields": {"action_time": "2024-07-31T19:51:59.479Z", "user": 2, "content_type": 14, "object_id": "8", "object_repr": "Dress", "action_flag": 2, "change_message": "[{\"changed\": {\"fields\": [\"Rating\"]}}]"}}, {"model": "admin.logentry", "pk": 128, "fields": {"action_time": "2024-07-31T19:52:18.456Z", "user": 2, "content_type": 14, "object_id": "9", "object_repr": "Dress", "action_flag": 2, "change_message": "[{\"changed\": {\"fields\": [\"Rating\"]}}]"}}, {"model": "admin.logentry", "pk": 129, "fields": {"action_time": "2024-07-31T19:52:45.318Z", "user": 2, "content_type": 14, "object_id": "85", "object_repr": "Dress", "action_flag": 2, "change_message": "[{\"changed\": {\"fields\": [\"Rating\"]}}]"}}, {"model": "admin.logentry", "pk": 130, "fields": {"action_time": "2024-07-31T19:53:07.583Z", "user": 2, "content_type": 14, "object_id": "89", "object_repr": "Dress", "action_flag": 2, "change_message": "[{\"changed\": {\"fields\": [\"Rating\"]}}]"}}, {"model": "admin.logentry", "pk": 131, "fields": {"action_time": "2024-07-31T19:53:10.758Z", "user": 2, "content_type": 14, "object_id": "89", "object_repr": "Dress", "action_flag": 2, "change_message": "[]"}}, {"model": "admin.logentry", "pk": 132, "fields": {"action_time": "2024-07-31T19:53:27.172Z", "user": 2, "content_type": 14, "object_id": "90", "object_repr": "Dress", "action_flag": 2, "change_message": "[{\"changed\": {\"fields\": [\"Rating\"]}}]"}}, {"model": "admin.logentry", "pk": 133, "fields": {"action_time": "2024-07-31T19:53:42.811Z", "user": 2, "content_type": 14, "object_id": "86", "object_repr": "Dress", "action_flag": 2, "change_message": "[{\"changed\": {\"fields\": [\"Rating\"]}}]"}}, {"model": "admin.logentry", "pk": 134, "fields": {"action_time": "2024-07-31T19:53:46.609Z", "user": 2, "content_type": 14, "object_id": "86", "object_repr": "Dress", "action_flag": 2, "change_message": "[]"}}, {"model": "admin.logentry", "pk": 135, "fields": {"action_time": "2024-07-31T19:54:02.458Z", "user": 2, "content_type": 14, "object_id": "87", "object_repr": "Dress", "action_flag": 2, "change_message": "[{\"changed\": {\"fields\": [\"Rating\"]}}]"}}, {"model": "admin.logentry", "pk": 136, "fields": {"action_time": "2024-07-31T19:54:17.441Z", "user": 2, "content_type": 14, "object_id": "88", "object_repr": "Dress", "action_flag": 2, "change_message": "[{\"changed\": {\"fields\": [\"Rating\"]}}]"}}, {"model": "admin.logentry", "pk": 137, "fields": {"action_time": "2024-07-31T19:55:54.288Z", "user": 2, "content_type": 14, "object_id": "106", "object_repr": "Dress", "action_flag": 1, "change_message": "[{\"added\": {}}]"}}, {"model": "admin.logentry", "pk": 138, "fields": {"action_time": "2024-07-31T19:57:09.478Z", "user": 2, "content_type": 14, "object_id": "107", "object_repr": "Dress", "action_flag": 1, "change_message": "[{\"added\": {}}]"}}, {"model": "admin.logentry", "pk": 139, "fields": {"action_time": "2024-07-31T19:59:22.515Z", "user": 2, "content_type": 14, "object_id": "108", "object_repr": "Dress", "action_flag": 1, "change_message": "[{\"added\": {}}]"}}, {"model": "admin.logentry", "pk": 140, "fields": {"action_time": "2024-07-31T19:59:26.985Z", "user": 2, "content_type": 14, "object_id": "109", "object_repr": "Dress", "action_flag": 1, "change_message": "[{\"added\": {}}]"}}, {"model": "admin.logentry", "pk": 141, "fields": {"action_time": "2024-07-31T20:00:46.311Z", "user": 2, "content_type": 14, "object_id": "110", "object_repr": "Dress", "action_flag": 1, "change_message": "[{\"added\": {}}]"}}, {"model": "admin.logentry", "pk": 142, "fields": {"action_time": "2024-07-31T20:00:49.439Z", "user": 2, "content_type": 14, "object_id": "111", "object_repr": "Dress", "action_flag": 1, "change_message": "[{\"added\": {}}]"}}, {"model": "admin.logentry", "pk": 143, "fields": {"action_time": "2024-07-31T20:00:53.440Z", "user": 2, "content_type": 14, "object_id": "112", "object_repr": "Dress", "action_flag": 1, "change_message": "[{\"added\": {}}]"}}, {"model": "admin.logentry", "pk": 144, "fields": {"action_time": "2024-07-31T20:02:31.037Z", "user": 2, "content_type": 14, "object_id": "113", "object_repr": "Dress", "action_flag": 1, "change_message": "[{\"added\": {}}]"}}, {"model": "admin.logentry", "pk": 145, "fields": {"action_time": "2024-07-31T20:03:54.891Z", "user": 2, "content_type": 14, "object_id": "114", "object_repr": "Dress", "action_flag": 1, "change_message": "[{\"added\": {}}]"}}, {"model": "admin.logentry", "pk": 146, "fields": {"action_time": "2024-07-31T20:05:11.278Z", "user": 2, "content_type": 14, "object_id": "115", "object_repr": "Dress", "action_flag": 1, "change_message": "[{\"added\": {}}]"}}, {"model": "admin.logentry", "pk": 147, "fields": {"action_time": "2024-07-31T20:07:10.105Z", "user": 2, "content_type": 14, "object_id": "116", "object_repr": "Dress", "action_flag": 1, "change_message": "[{\"added\": {}}]"}}, {"model": "admin.logentry", "pk": 148, "fields": {"action_time": "2024-07-31T20:08:49.920Z", "user": 2, "content_type": 14, "object_id": "117", "object_repr": "Dress", "action_flag": 1, "change_message": "[{\"added\": {}}]"}}, {"model": "admin.logentry", "pk": 149, "fields": {"action_time": "2024-07-31T20:08:50.516Z", "user": 2, "content_type": 14, "object_id": "118", "object_repr": "Dress", "action_flag": 1, "change_message": "[{\"added\": {}}]"}}, {"model": "admin.logentry", "pk": 150, "fields": {"action_time": "2024-07-31T20:10:50.328Z", "user": 2, "content_type": 14, "object_id": "119", "object_repr": "Dress", "action_flag": 1, "change_message": "[{\"added\": {}}]"}}, {"model": "admin.logentry", "pk": 151, "fields": {"action_time": "2024-07-31T20:12:26.580Z", "user": 2, "content_type": 14, "object_id": "120", "object_repr": "Dress", "action_flag": 1, "change_message": "[{\"added\": {}}]"}}, {"model": "admin.logentry", "pk": 152, "fields": {"action_time": "2024-07-31T20:13:59.037Z", "user": 2, "content_type": 14, "object_id": "121", "object_repr": "Dress", "action_flag": 1, "change_message": "[{\"added\": {}}]"}}, {"model": "admin.logentry", "pk": 153, "fields": {"action_time": "2024-07-31T20:13:59.757Z", "user": 2, "content_type": 14, "object_id": "122", "object_repr": "Dress", "action_flag": 1, "change_message": "[{\"added\": {}}]"}}, {"model": "admin.logentry", "pk": 154, "fields": {"action_time": "2024-07-31T20:15:22.979Z", "user": 2, "content_type": 14, "object_id": "123", "object_repr": "Dress", "action_flag": 1, "change_message": "[{\"added\": {}}]"}}, {"model": "admin.logentry", "pk": 155, "fields": {"action_time": "2024-07-31T20:17:17.356Z", "user": 2, "content_type": 14, "object_id": "124", "object_repr": "Dress", "action_flag": 1, "change_message": "[{\"added\": {}}]"}}, {"model": "admin.logentry", "pk": 156, "fields": {"action_time": "2024-07-31T20:19:03.468Z", "user": 2, "content_type": 14, "object_id": "125", "object_repr": "Dress", "action_flag": 1, "change_message": "[{\"added\": {}}]"}}, {"model": "admin.logentry", "pk": 157, "fields": {"action_time": "2024-07-31T20:20:22.912Z", "user": 2, "content_type": 14, "object_id": "36", "object_repr": "Dress", "action_flag": 2, "change_message": "[{\"changed\": {\"fields\": [\"Image\"]}}]"}}, {"model": "admin.logentry", "pk": 158, "fields": {"action_time": "2024-07-31T20:22:15.995Z", "user": 2, "content_type": 14, "object_id": "126", "object_repr": "Dress", "action_flag": 1, "change_message": "[{\"added\": {}}]"}}, {"model": "admin.logentry", "pk": 159, "fields": {"action_time": "2024-07-31T20:23:25.983Z", "user": 2, "content_type": 14, "object_id": "127", "object_repr": "Dress", "action_flag": 1, "change_message": "[{\"added\": {}}]"}}, {"model": "admin.logentry", "pk": 160, "fields": {"action_time": "2024-07-31T20:25:13.054Z", "user": 2, "content_type": 14, "object_id": "128", "object_repr": "Dress", "action_flag": 1, "change_message": "[{\"added\": {}}]"}}, {"model": "admin.logentry", "pk": 161, "fields": {"action_time": "2024-07-31T20:31:38.779Z", "user": 2, "content_type": 14, "object_id": "129", "object_repr": "Dress", "action_flag": 1, "change_message": "[{\"added\": {}}]"}}, {"model": "admin.logentry", "pk": 162, "fields": {"action_time": "2024-07-31T20:32:45.524Z", "user": 2, "content_type": 14, "object_id": "130", "object_repr": "Dress", "action_flag": 1, "change_message": "[{\"added\": {}}]"}}, {"model": "admin.logentry", "pk": 163, "fields": {"action_time": "2024-07-31T20:32:48.575Z", "user": 2, "content_type": 14, "object_id": "131", "object_repr": "Dress", "action_flag": 1, "change_message": "[{\"added\": {}}]"}}, {"model": "admin.logentry", "pk": 164, "fields": {"action_time": "2024-07-31T20:32:51.610Z", "user": 2, "content_type": 14, "object_id": "132", "object_repr": "Dress", "action_flag": 1, "change_message": "[{\"added\": {}}]"}}, {"model": "admin.logentry", "pk": 165, "fields": {"action_time": "2024-07-31T20:32:55.198Z", "user": 2, "content_type": 14, "object_id": "133", "object_repr": "Dress", "action_flag": 1, "change_message": "[{\"added\": {}}]"}}, {"model": "admin.logentry", "pk": 166, "fields": {"action_time": "2024-07-31T20:32:57.998Z", "user": 2, "content_type": 14, "object_id": "134", "object_repr": "Dress", "action_flag": 1, "change_message": "[{\"added\": {}}]"}}, {"model": "admin.logentry", "pk": 167, "fields": {"action_time": "2024-07-31T20:34:05.655Z", "user": 2, "content_type": 14, "object_id": "135", "object_repr": "Dress", "action_flag": 1, "change_message": "[{\"added\": {}}]"}}, {"model": "admin.logentry", "pk": 168, "fields": {"action_time": "2024-07-31T20:37:50.954Z", "user": 2, "content_type": 14, "object_id": "136", "object_repr": "Dress", "action_flag": 1, "change_message": "[{\"added\": {}}]"}}, {"model": "admin.logentry", "pk": 169, "fields": {"action_time": "2024-07-31T20:38:56.700Z", "user": 2, "content_type": 14, "object_id": "137", "object_repr": "Dress", "action_flag": 1, "change_message": "[{\"added\": {}}]"}}, {"model": "admin.logentry", "pk": 170, "fields": {"action_time": "2024-07-31T20:39:00.038Z", "user": 2, "content_type": 14, "object_id": "138", "object_repr": "Dress", "action_flag": 1, "change_message": "[{\"added\": {}}]"}}, {"model": "admin.logentry", "pk": 171, "fields": {"action_time": "2024-07-31T20:40:00.923Z", "user": 2, "content_type": 14, "object_id": "139", "object_repr": "Dress", "action_flag": 1, "change_message": "[{\"added\": {}}]"}}, {"model": "admin.logentry", "pk": 172, "fields": {"action_time": "2024-07-31T20:40:03.006Z", "user": 2, "content_type": 14, "object_id": "140", "object_repr": "Dress", "action_flag": 1, "change_message": "[{\"added\": {}}]"}}, {"model": "admin.logentry", "pk": 173, "fields": {"action_time": "2024-07-31T20:42:04.661Z", "user": 2, "content_type": 14, "object_id": "141", "object_repr": "Dress", "action_flag": 1, "change_message": "[{\"added\": {}}]"}}, {"model": "admin.logentry", "pk": 174, "fields": {"action_time": "2024-07-31T20:43:35.819Z", "user": 2, "content_type": 14, "object_id": "142", "object_repr": "Dress", "action_flag": 1, "change_message": "[{\"added\": {}}]"}}, {"model": "admin.logentry", "pk": 175, "fields": {"action_time": "2024-07-31T20:44:58.244Z", "user": 2, "content_type": 14, "object_id": "143", "object_repr": "Dress", "action_flag": 1, "change_message": "[{\"added\": {}}]"}}, {"model": "admin.logentry", "pk": 176, "fields": {"action_time": "2024-07-31T20:47:16.973Z", "user": 2, "content_type": 14, "object_id": "144", "object_repr": "Dress", "action_flag": 1, "change_message": "[{\"added\": {}}]"}}, {"model": "admin.logentry", "pk": 177, "fields": {"action_time": "2024-07-31T20:47:17.963Z", "user": 2, "content_type": 14, "object_id": "145", "object_repr": "Dress", "action_flag": 1, "change_message": "[{\"added\": {}}]"}}, {"model": "admin.logentry", "pk": 178, "fields": {"action_time": "2024-07-31T20:48:34.930Z", "user": 2, "content_type": 14, "object_id": "146", "object_repr": "Dress", "action_flag": 1, "change_message": "[{\"added\": {}}]"}}, {"model": "admin.logentry", "pk": 179, "fields": {"action_time": "2024-07-31T20:49:41.476Z", "user": 2, "content_type": 14, "object_id": "147", "object_repr": "Dress", "action_flag": 1, "change_message": "[{\"added\": {}}]"}}, {"model": "admin.logentry", "pk": 180, "fields": {"action_time": "2024-07-31T20:51:15.917Z", "user": 2, "content_type": 14, "object_id": "148", "object_repr": "Dress", "action_flag": 1, "change_message": "[{\"added\": {}}]"}}, {"model": "admin.logentry", "pk": 181, "fields": {"action_time": "2024-07-31T20:52:41.179Z", "user": 2, "content_type": 14, "object_id": "149", "object_repr": "Dress", "action_flag": 1, "change_message": "[{\"added\": {}}]"}}, {"model": "admin.logentry", "pk": 182, "fields": {"action_time": "2024-07-31T20:53:41.996Z", "user": 2, "content_type": 14, "object_id": "150", "object_repr": "Dress", "action_flag": 1, "change_message": "[{\"added\": {}}]"}}, {"model": "admin.logentry", "pk": 183, "fields": {"action_time": "2024-07-31T20:54:53.787Z", "user": 2, "content_type": 14, "object_id": "151", "object_repr": "Dress", "action_flag": 1, "change_message": "[{\"added\": {}}]"}}, {"model": "admin.logentry", "pk": 184, "fields": {"action_time": "2024-07-31T20:55:48.625Z", "user": 2, "content_type": 14, "object_id": "152", "object_repr": "Dress", "action_flag": 1, "change_message": "[{\"added\": {}}]"}}, {"model": "admin.logentry", "pk": 185, "fields": {"action_time": "2024-07-31T20:57:26.441Z", "user": 2, "content_type": 14, "object_id": "153", "object_repr": "Dress", "action_flag": 1, "change_message": "[{\"added\": {}}]"}}, {"model": "admin.logentry", "pk": 186, "fields": {"action_time": "2024-07-31T21:01:11.060Z", "user": 2, "content_type": 14, "object_id": "154", "object_repr": "Dress", "action_flag": 1, "change_message": "[{\"added\": {}}]"}}, {"model": "admin.logentry", "pk": 187, "fields": {"action_time": "2024-07-31T21:04:58.249Z", "user": 2, "content_type": 14, "object_id": "155", "object_repr": "Dress", "action_flag": 1, "change_message": "[{\"added\": {}}]"}}, {"model": "admin.logentry", "pk": 188, "fields": {"action_time": "2024-07-31T21:07:51.378Z", "user": 2, "content_type": 14, "object_id": "156", "object_repr": "suit", "action_flag": 1, "change_message": "[{\"added\": {}}]"}}, {"model": "admin.logentry", "pk": 189, "fields": {"action_time": "2024-07-31T21:09:04.557Z", "user": 2, "content_type": 14, "object_id": "157", "object_repr": "suit", "action_flag": 1, "change_message": "[{\"added\": {}}]"}}, {"model": "admin.logentry", "pk": 190, "fields": {"action_time": "2024-07-31T21:10:38.282Z", "user": 2, "content_type": 14, "object_id": "158", "object_repr": "suit", "action_flag": 1, "change_message": "[{\"added\": {}}]"}}, {"model": "admin.logentry", "pk": 191, "fields": {"action_time": "2024-07-31T21:12:13.028Z", "user": 2, "content_type": 14, "object_id": "159", "object_repr": "suit", "action_flag": 1, "change_message": "[{\"added\": {}}]"}}, {"model": "admin.logentry", "pk": 192, "fields": {"action_time": "2024-07-31T21:13:15.012Z", "user": 2, "content_type": 14, "object_id": "160", "object_repr": "suit", "action_flag": 1, "change_message": "[{\"added\": {}}]"}}, {"model": "admin.logentry", "pk": 193, "fields": {"action_time": "2024-07-31T21:14:42.332Z", "user": 2, "content_type": 14, "object_id": "161", "object_repr": "suit", "action_flag": 1, "change_message": "[{\"added\": {}}]"}}, {"model": "admin.logentry", "pk": 194, "fields": {"action_time": "2024-07-31T21:15:25.148Z", "user": 2, "content_type": 14, "object_id": "46", "object_repr": "Dress", "action_flag": 2, "change_message": "[{\"changed\": {\"fields\": [\"Image\"]}}]"}}, {"model": "admin.logentry", "pk": 195, "fields": {"action_time": "2024-07-31T21:16:16.181Z", "user": 2, "content_type": 14, "object_id": "27", "object_repr": "Dress", "action_flag": 2, "change_message": "[]"}}, {"model": "admin.logentry", "pk": 196, "fields": {"action_time": "2024-07-31T21:17:29.370Z", "user": 2, "content_type": 14, "object_id": "28", "object_repr": "Dress", "action_flag": 2, "change_message": "[{\"changed\": {\"fields\": [\"Image\"]}}]"}}, {"model": "admin.logentry", "pk": 197, "fields": {"action_time": "2024-07-31T21:19:37.932Z", "user": 2, "content_type": 14, "object_id": "45", "object_repr": "Dress", "action_flag": 2, "change_message": "[{\"changed\": {\"fields\": [\"Image\"]}}]"}}, {"model": "admin.logentry", "pk": 198, "fields": {"action_time": "2024-07-31T21:22:04.293Z", "user": 2, "content_type": 14, "object_id": "162", "object_repr": "suit", "action_flag": 1, "change_message": "[{\"added\": {}}]"}}, {"model": "admin.logentry", "pk": 199, "fields": {"action_time": "2024-07-31T21:23:27.715Z", "user": 2, "content_type": 14, "object_id": "163", "object_repr": "suit", "action_flag": 1, "change_message": "[{\"added\": {}}]"}}, {"model": "admin.logentry", "pk": 200, "fields": {"action_time": "2024-07-31T21:24:56.121Z", "user": 2, "content_type": 14, "object_id": "164", "object_repr": "suit", "action_flag": 1, "change_message": "[{\"added\": {}}]"}}, {"model": "admin.logentry", "pk": 201, "fields": {"action_time": "2024-07-31T21:26:39.999Z", "user": 2, "content_type": 14, "object_id": "165", "object_repr": "suit", "action_flag": 1, "change_message": "[{\"added\": {}}]"}}, {"model": "admin.logentry", "pk": 202, "fields": {"action_time": "2024-07-31T21:28:42.511Z", "user": 2, "content_type": 14, "object_id": "166", "object_repr": "suit", "action_flag": 1, "change_message": "[{\"added\": {}}]"}}, {"model": "admin.logentry", "pk": 203, "fields": {"action_time": "2024-07-31T21:30:04.212Z", "user": 2, "content_type": 14, "object_id": "167", "object_repr": "suit", "action_flag": 1, "change_message": "[{\"added\": {}}]"}}, {"model": "admin.logentry", "pk": 204, "fields": {"action_time": "2024-07-31T21:31:42.064Z", "user": 2, "content_type": 14, "object_id": "168", "object_repr": "suit", "action_flag": 1, "change_message": "[{\"added\": {}}]"}}, {"model": "admin.logentry", "pk": 205, "fields": {"action_time": "2024-07-31T21:31:45.945Z", "user": 2, "content_type": 14, "object_id": "169", "object_repr": "suit", "action_flag": 1, "change_message": "[{\"added\": {}}]"}}, {"model": "admin.logentry", "pk": 206, "fields": {"action_time": "2024-07-31T21:32:46.743Z", "user": 2, "content_type": 14, "object_id": "170", "object_repr": "suit", "action_flag": 1, "change_message": "[{\"added\": {}}]"}}, {"model": "admin.logentry", "pk": 207, "fields": {"action_time": "2024-07-31T21:32:50.318Z", "user": 2, "content_type": 14, "object_id": "171", "object_repr": "suit", "action_flag": 1, "change_message": "[{\"added\": {}}]"}}, {"model": "admin.logentry", "pk": 208, "fields": {"action_time": "2024-07-31T21:33:48.452Z", "user": 2, "content_type": 14, "object_id": "172", "object_repr": "suit", "action_flag": 1, "change_message": "[{\"added\": {}}]"}}, {"model": "admin.logentry", "pk": 209, "fields": {"action_time": "2024-07-31T21:34:48.941Z", "user": 2, "content_type": 14, "object_id": "173", "object_repr": "suit", "action_flag": 1, "change_message": "[{\"added\": {}}]"}}, {"model": "admin.logentry", "pk": 210, "fields": {"action_time": "2024-07-31T21:34:53.141Z", "user": 2, "content_type": 14, "object_id": "174", "object_repr": "suit", "action_flag": 1, "change_message": "[{\"added\": {}}]"}}, {"model": "admin.logentry", "pk": 211, "fields": {"action_time": "2024-07-31T21:37:50.025Z", "user": 2, "content_type": 14, "object_id": "175", "object_repr": "suit", "action_flag": 1, "change_message": "[{\"added\": {}}]"}}, {"model": "admin.logentry", "pk": 212, "fields": {"action_time": "2024-07-31T21:38:56.001Z", "user": 2, "content_type": 14, "object_id": "176", "object_repr": "suit", "action_flag": 1, "change_message": "[{\"added\": {}}]"}}, {"model": "admin.logentry", "pk": 213, "fields": {"action_time": "2024-07-31T21:40:07.604Z", "user": 2, "content_type": 14, "object_id": "177", "object_repr": "suit", "action_flag": 1, "change_message": "[{\"added\": {}}]"}}, {"model": "admin.logentry", "pk": 214, "fields": {"action_time": "2024-07-31T21:40:10.484Z", "user": 2, "content_type": 14, "object_id": "178", "object_repr": "suit", "action_flag": 1, "change_message": "[{\"added\": {}}]"}}, {"model": "admin.logentry", "pk": 215, "fields": {"action_time": "2024-07-31T21:41:34.633Z", "user": 2, "content_type": 14, "object_id": "179", "object_repr": "suit", "action_flag": 1, "change_message": "[{\"added\": {}}]"}}, {"model": "admin.logentry", "pk": 216, "fields": {"action_time": "2024-07-31T21:42:57.253Z", "user": 2, "content_type": 14, "object_id": "180", "object_repr": "suit", "action_flag": 1, "change_message": "[{\"added\": {}}]"}}, {"model": "admin.logentry", "pk": 217, "fields": {"action_time": "2024-07-31T21:44:16.979Z", "user": 2, "content_type": 14, "object_id": "181", "object_repr": "suit", "action_flag": 1, "change_message": "[{\"added\": {}}]"}}, {"model": "admin.logentry", "pk": 218, "fields": {"action_time": "2024-07-31T21:45:31.148Z", "user": 2, "content_type": 14, "object_id": "182", "object_repr": "suit", "action_flag": 1, "change_message": "[{\"added\": {}}]"}}, {"model": "admin.logentry", "pk": 219, "fields": {"action_time": "2024-07-31T21:47:01.963Z", "user": 2, "content_type": 14, "object_id": "183", "object_repr": "suit", "action_flag": 1, "change_message": "[{\"added\": {}}]"}}, {"model": "admin.logentry", "pk": 220, "fields": {"action_time": "2024-07-31T21:48:39.487Z", "user": 2, "content_type": 14, "object_id": "184", "object_repr": "suit", "action_flag": 1, "change_message": "[{\"added\": {}}]"}}, {"model": "admin.logentry", "pk": 221, "fields": {"action_time": "2024-07-31T21:48:43.262Z", "user": 2, "content_type": 14, "object_id": "185", "object_repr": "suit", "action_flag": 1, "change_message": "[{\"added\": {}}]"}}, {"model": "admin.logentry", "pk": 222, "fields": {"action_time": "2024-07-31T21:50:09.685Z", "user": 2, "content_type": 14, "object_id": "186", "object_repr": "suit", "action_flag": 1, "change_message": "[{\"added\": {}}]"}}, {"model": "admin.logentry", "pk": 223, "fields": {"action_time": "2024-07-31T21:51:32.462Z", "user": 2, "content_type": 14, "object_id": "187", "object_repr": "suit", "action_flag": 1, "change_message": "[{\"added\": {}}]"}}, {"model": "admin.logentry", "pk": 224, "fields": {"action_time": "2024-07-31T21:52:31.201Z", "user": 2, "content_type": 14, "object_id": "188", "object_repr": "suit", "action_flag": 1, "change_message": "[{\"added\": {}}]"}}, {"model": "admin.logentry", "pk": 225, "fields": {"action_time": "2024-07-31T21:54:14.795Z", "user": 2, "content_type": 14, "object_id": "189", "object_repr": "suit", "action_flag": 1, "change_message": "[{\"added\": {}}]"}}, {"model": "admin.logentry", "pk": 226, "fields": {"action_time": "2024-07-31T21:56:30.166Z", "user": 2, "content_type": 14, "object_id": "190", "object_repr": "suit", "action_flag": 1, "change_message": "[{\"added\": {}}]"}}, {"model": "admin.logentry", "pk": 227, "fields": {"action_time": "2024-07-31T21:58:32.133Z", "user": 2, "content_type": 14, "object_id": "191", "object_repr": "Suits", "action_flag": 1, "change_message": "[{\"added\": {}}]"}}, {"model": "admin.logentry", "pk": 228, "fields": {"action_time": "2024-07-31T22:00:46.600Z", "user": 2, "content_type": 14, "object_id": "192", "object_repr": "suits", "action_flag": 1, "change_message": "[{\"added\": {}}]"}}, {"model": "admin.logentry", "pk": 229, "fields": {"action_time": "2024-07-31T22:02:13.849Z", "user": 2, "content_type": 14, "object_id": "193", "object_repr": "Dress", "action_flag": 1, "change_message": "[{\"added\": {}}]"}}, {"model": "admin.logentry", "pk": 230, "fields": {"action_time": "2024-07-31T22:03:25.476Z", "user": 2, "content_type": 14, "object_id": "194", "object_repr": "Dress", "action_flag": 1, "change_message": "[{\"added\": {}}]"}}, {"model": "admin.logentry", "pk": 231, "fields": {"action_time": "2024-07-31T22:04:26.681Z", "user": 2, "content_type": 14, "object_id": "195", "object_repr": "Dress", "action_flag": 1, "change_message": "[{\"added\": {}}]"}}, {"model": "admin.logentry", "pk": 232, "fields": {"action_time": "2024-07-31T22:05:27.843Z", "user": 2, "content_type": 14, "object_id": "196", "object_repr": "Dress", "action_flag": 1, "change_message": "[{\"added\": {}}]"}}, {"model": "admin.logentry", "pk": 233, "fields": {"action_time": "2024-07-31T22:05:32.122Z", "user": 2, "content_type": 14, "object_id": "197", "object_repr": "Dress", "action_flag": 1, "change_message": "[{\"added\": {}}]"}}, {"model": "admin.logentry", "pk": 234, "fields": {"action_time": "2024-07-31T22:06:31.067Z", "user": 2, "content_type": 14, "object_id": "198", "object_repr": "Dress", "action_flag": 1, "change_message": "[{\"added\": {}}]"}}, {"model": "admin.logentry", "pk": 235, "fields": {"action_time": "2024-07-31T22:06:34.282Z", "user": 2, "content_type": 14, "object_id": "199", "object_repr": "Dress", "action_flag": 1, "change_message": "[{\"added\": {}}]"}}, {"model": "admin.logentry", "pk": 236, "fields": {"action_time": "2024-07-31T22:08:03.312Z", "user": 2, "content_type": 14, "object_id": "200", "object_repr": "Dress", "action_flag": 1, "change_message": "[{\"added\": {}}]"}}, {"model": "admin.logentry", "pk": 237, "fields": {"action_time": "2024-07-31T22:09:11.593Z", "user": 2, "content_type": 14, "object_id": "201", "object_repr": "Dress", "action_flag": 1, "change_message": "[{\"added\": {}}]"}}, {"model": "admin.logentry", "pk": 238, "fields": {"action_time": "2024-08-04T21:07:37.933Z", "user": 2, "content_type": 4, "object_id": "1", "object_repr": "seema", "action_flag": 2, "change_message": "[]"}}, {"model": "admin.logentry", "pk": 239, "fields": {"action_time": "2024-08-04T21:08:45.216Z", "user": 2, "content_type": 4, "object_id": "1", "object_repr": "seema", "action_flag": 2, "change_message": "[{\"changed\": {\"fields\": [\"Email address\"]}}]"}}, {"model": "admin.logentry", "pk": 240, "fields": {"action_time": "2024-08-19T16:17:11.534Z", "user": 2, "content_type": 14, "object_id": "203", "object_repr": "Bridal Wear", "action_flag": 2, "change_message": "[{\"changed\": {\"fields\": [\"Image\"]}}]"}}, {"model": "admin.logentry", "pk": 241, "fields": {"action_time": "2024-08-19T17:01:20.122Z", "user": 7, "content_type": 14, "object_id": "53", "object_repr": "Dress", "action_flag": 2, "change_message": "[{\"changed\": {\"fields\": [\"Image\"]}}]"}}, {"model": "admin.logentry", "pk": 242, "fields": {"action_time": "2024-08-19T17:36:57.079Z", "user": 8, "content_type": 14, "object_id": "67", "object_repr": "Dress", "action_flag": 3, "change_message": ""}}, {"model": "admin.logentry", "pk": 243, "fields": {"action_time": "2024-08-19T17:40:23.520Z", "user": 8, "content_type": 14, "object_id": "17", "object_repr": "Dress", "action_flag": 3, "change_message": ""}}, {"model": "admin.logentry", "pk": 244, "fields": {"action_time": "2024-08-19T17:42:04.470Z", "user": 8, "content_type": 14, "object_id": "202", "object_repr": "Bridal Wear", "action_flag": 3, "change_message": ""}}, {"model": "admin.logentry", "pk": 245, "fields": {"action_time": "2024-08-19T17:42:04.513Z", "user": 8, "content_type": 14, "object_id": "79", "object_repr": "Dress", "action_flag": 3, "change_message": ""}}, {"model": "admin.logentry", "pk": 246, "fields": {"action_time": "2024-08-19T17:42:04.542Z", "user": 8, "content_type": 14, "object_id": "81", "object_repr": "Dress", "action_flag": 3, "change_message": ""}}, {"model": "admin.logentry", "pk": 247, "fields": {"action_time": "2024-08-19T17:42:04.570Z", "user": 8, "content_type": 14, "object_id": "82", "object_repr": "Dress", "action_flag": 3, "change_message": ""}}, {"model": "admin.logentry", "pk": 248, "fields": {"action_time": "2024-08-19T17:42:04.598Z", "user": 8, "content_type": 14, "object_id": "83", "object_repr": "Dress", "action_flag": 3, "change_message": ""}}, {"model": "admin.logentry", "pk": 249, "fields": {"action_time": "2024-08-19T17:42:04.626Z", "user": 8, "content_type": 14, "object_id": "119", "object_repr": "Dress", "action_flag": 3, "change_message": ""}}, {"model": "admin.logentry", "pk": 250, "fields": {"action_time": "2024-08-19T17:42:04.655Z", "user": 8, "content_type": 14, "object_id": "120", "object_repr": "Dress", "action_flag": 3, "change_message": ""}}, {"model": "admin.logentry", "pk": 251, "fields": {"action_time": "2024-08-19T17:42:04.683Z", "user": 8, "content_type": 14, "object_id": "122", "object_repr": "Dress", "action_flag": 3, "change_message": ""}}, {"model": "admin.logentry", "pk": 252, "fields": {"action_time": "2024-08-19T17:42:04.711Z", "user": 8, "content_type": 14, "object_id": "121", "object_repr": "Dress", "action_flag": 3, "change_message": ""}}, {"model": "admin.logentry", "pk": 253, "fields": {"action_time": "2024-08-19T17:42:04.740Z", "user": 8, "content_type": 14, "object_id": "123", "object_repr": "Dress", "action_flag": 3, "change_message": ""}}, {"model": "admin.logentry", "pk": 254, "fields": {"action_time": "2024-08-19T17:42:04.768Z", "user": 8, "content_type": 14, "object_id": "52", "object_repr": "Dress", "action_flag": 3, "change_message": ""}}, {"model": "admin.logentry", "pk": 255, "fields": {"action_time": "2024-08-19T17:42:04.796Z", "user": 8, "content_type": 14, "object_id": "76", "object_repr": "Dress", "action_flag": 3, "change_message": ""}}, {"model": "admin.logentry", "pk": 256, "fields": {"action_time": "2024-08-19T17:42:04.824Z", "user": 8, "content_type": 14, "object_id": "77", "object_repr": "Dress", "action_flag": 3, "change_message": ""}}, {"model": "admin.logentry", "pk": 257, "fields": {"action_time": "2024-08-19T17:42:04.852Z", "user": 8, "content_type": 14, "object_id": "7", "object_repr": "Dress", "action_flag": 3, "change_message": ""}}, {"model": "admin.logentry", "pk": 258, "fields": {"action_time": "2024-08-19T17:42:04.881Z", "user": 8, "content_type": 14, "object_id": "8", "object_repr": "Dress", "action_flag": 3, "change_message": ""}}, {"model": "admin.logentry", "pk": 259, "fields": {"action_time": "2024-08-19T17:42:04.909Z", "user": 8, "content_type": 14, "object_id": "9", "object_repr": "Dress", "action_flag": 3, "change_message": ""}}, {"model": "admin.logentry", "pk": 260, "fields": {"action_time": "2024-08-19T17:42:04.938Z", "user": 8, "content_type": 14, "object_id": "10", "object_repr": "Dress", "action_flag": 3, "change_message": ""}}, {"model": "admin.logentry", "pk": 261, "fields": {"action_time": "2024-08-19T17:42:04.966Z", "user": 8, "content_type": 14, "object_id": "11", "object_repr": "Dress", "action_flag": 3, "change_message": ""}}, {"model": "admin.logentry", "pk": 262, "fields": {"action_time": "2024-08-19T17:42:04.994Z", "user": 8, "content_type": 14, "object_id": "12", "object_repr": "Dress", "action_flag": 3, "change_message": ""}}, {"model": "admin.logentry", "pk": 263, "fields": {"action_time": "2024-08-19T17:42:05.023Z", "user": 8, "content_type": 14, "object_id": "13", "object_repr": "Dress", "action_flag": 3, "change_message": ""}}, {"model": "admin.logentry", "pk": 264, "fields": {"action_time": "2024-08-19T17:42:05.051Z", "user": 8, "content_type": 14, "object_id": "14", "object_repr": "Dress", "action_flag": 3, "change_message": ""}}, {"model": "admin.logentry", "pk": 265, "fields": {"action_time": "2024-08-19T17:42:05.079Z", "user": 8, "content_type": 14, "object_id": "15", "object_repr": "Dress", "action_flag": 3, "change_message": ""}}, {"model": "admin.logentry", "pk": 266, "fields": {"action_time": "2024-08-19T17:42:05.107Z", "user": 8, "content_type": 14, "object_id": "16", "object_repr": "Dress", "action_flag": 3, "change_message": ""}}, {"model": "admin.logentry", "pk": 267, "fields": {"action_time": "2024-08-19T17:42:05.139Z", "user": 8, "content_type": 14, "object_id": "18", "object_repr": "Dress", "action_flag": 3, "change_message": ""}}, {"model": "admin.logentry", "pk": 268, "fields": {"action_time": "2024-08-19T17:43:11.313Z", "user": 8, "content_type": 14, "object_id": "49", "object_repr": "Dress", "action_flag": 3, "change_message": ""}}, {"model": "admin.logentry", "pk": 269, "fields": {"action_time": "2024-08-19T17:43:11.353Z", "user": 8, "content_type": 14, "object_id": "20", "object_repr": "Dress", "action_flag": 3, "change_message": ""}}, {"model": "admin.logentry", "pk": 270, "fields": {"action_time": "2024-08-19T17:43:11.382Z", "user": 8, "content_type": 14, "object_id": "19", "object_repr": "Dress", "action_flag": 3, "change_message": ""}}, {"model": "admin.logentry", "pk": 271, "fields": {"action_time": "2024-08-19T17:43:11.410Z", "user": 8, "content_type": 14, "object_id": "39", "object_repr": "Dress", "action_flag": 3, "change_message": ""}}, {"model": "admin.logentry", "pk": 272, "fields": {"action_time": "2024-08-19T17:43:11.439Z", "user": 8, "content_type": 14, "object_id": "38", "object_repr": "Dress", "action_flag": 3, "change_message": ""}}, {"model": "admin.logentry", "pk": 273, "fields": {"action_time": "2024-08-19T17:43:11.468Z", "user": 8, "content_type": 14, "object_id": "37", "object_repr": "Dress", "action_flag": 3, "change_message": ""}}, {"model": "admin.logentry", "pk": 274, "fields": {"action_time": "2024-08-19T17:43:11.496Z", "user": 8, "content_type": 14, "object_id": "36", "object_repr": "Dress", "action_flag": 3, "change_message": ""}}, {"model": "admin.logentry", "pk": 275, "fields": {"action_time": "2024-08-19T17:43:11.524Z", "user": 8, "content_type": 14, "object_id": "35", "object_repr": "Dress", "action_flag": 3, "change_message": ""}}, {"model": "admin.logentry", "pk": 276, "fields": {"action_time": "2024-08-19T17:43:11.553Z", "user": 8, "content_type": 14, "object_id": "34", "object_repr": "Dress", "action_flag": 3, "change_message": ""}}, {"model": "admin.logentry", "pk": 277, "fields": {"action_time": "2024-08-19T17:43:11.581Z", "user": 8, "content_type": 14, "object_id": "32", "object_repr": "Dress", "action_flag": 3, "change_message": ""}}, {"model": "admin.logentry", "pk": 278, "fields": {"action_time": "2024-08-19T17:43:11.610Z", "user": 8, "content_type": 14, "object_id": "21", "object_repr": "Dress", "action_flag": 3, "change_message": ""}}, {"model": "admin.logentry", "pk": 279, "fields": {"action_time": "2024-08-19T17:43:11.639Z", "user": 8, "content_type": 14, "object_id": "126", "object_repr": "Dress", "action_flag": 3, "change_message": ""}}, {"model": "admin.logentry", "pk": 280, "fields": {"action_time": "2024-08-19T17:43:11.667Z", "user": 8, "content_type": 14, "object_id": "106", "object_repr": "Dress", "action_flag": 3, "change_message": ""}}, {"model": "admin.logentry", "pk": 281, "fields": {"action_time": "2024-08-19T17:43:11.695Z", "user": 8, "content_type": 14, "object_id": "98", "object_repr": "Dress", "action_flag": 3, "change_message": ""}}, {"model": "admin.logentry", "pk": 282, "fields": {"action_time": "2024-08-19T17:43:11.724Z", "user": 8, "content_type": 14, "object_id": "41", "object_repr": "Dress", "action_flag": 3, "change_message": ""}}, {"model": "admin.logentry", "pk": 283, "fields": {"action_time": "2024-08-19T17:43:11.752Z", "user": 8, "content_type": 14, "object_id": "22", "object_repr": "Dress", "action_flag": 3, "change_message": ""}}, {"model": "admin.logentry", "pk": 284, "fields": {"action_time": "2024-08-19T17:43:11.780Z", "user": 8, "content_type": 14, "object_id": "129", "object_repr": "Dress", "action_flag": 3, "change_message": ""}}, {"model": "admin.logentry", "pk": 285, "fields": {"action_time": "2024-08-19T17:43:11.808Z", "user": 8, "content_type": 14, "object_id": "127", "object_repr": "Dress", "action_flag": 3, "change_message": ""}}, {"model": "admin.logentry", "pk": 286, "fields": {"action_time": "2024-08-19T17:43:11.838Z", "user": 8, "content_type": 14, "object_id": "107", "object_repr": "Dress", "action_flag": 3, "change_message": ""}}, {"model": "admin.logentry", "pk": 287, "fields": {"action_time": "2024-08-19T17:43:11.866Z", "user": 8, "content_type": 14, "object_id": "99", "object_repr": "Dress", "action_flag": 3, "change_message": ""}}, {"model": "admin.logentry", "pk": 288, "fields": {"action_time": "2024-08-19T17:43:11.895Z", "user": 8, "content_type": 14, "object_id": "96", "object_repr": "Dress", "action_flag": 3, "change_message": ""}}, {"model": "admin.logentry", "pk": 289, "fields": {"action_time": "2024-08-19T17:43:11.924Z", "user": 8, "content_type": 14, "object_id": "42", "object_repr": "Dress", "action_flag": 3, "change_message": ""}}, {"model": "admin.logentry", "pk": 290, "fields": {"action_time": "2024-08-19T17:43:11.952Z", "user": 8, "content_type": 14, "object_id": "23", "object_repr": "Dress", "action_flag": 3, "change_message": ""}}, {"model": "admin.logentry", "pk": 291, "fields": {"action_time": "2024-08-19T17:43:11.980Z", "user": 8, "content_type": 14, "object_id": "134", "object_repr": "Dress", "action_flag": 3, "change_message": ""}}, {"model": "admin.logentry", "pk": 292, "fields": {"action_time": "2024-08-19T17:43:12.009Z", "user": 8, "content_type": 14, "object_id": "133", "object_repr": "Dress", "action_flag": 3, "change_message": ""}}, {"model": "admin.logentry", "pk": 293, "fields": {"action_time": "2024-08-19T17:45:24.750Z", "user": 8, "content_type": 14, "object_id": "155", "object_repr": "Dress", "action_flag": 3, "change_message": ""}}, {"model": "admin.logentry", "pk": 294, "fields": {"action_time": "2024-08-19T17:45:24.795Z", "user": 8, "content_type": 14, "object_id": "102", "object_repr": "Dress", "action_flag": 3, "change_message": ""}}, {"model": "admin.logentry", "pk": 295, "fields": {"action_time": "2024-08-19T17:45:24.829Z", "user": 8, "content_type": 14, "object_id": "103", "object_repr": "Dress", "action_flag": 3, "change_message": ""}}, {"model": "admin.logentry", "pk": 296, "fields": {"action_time": "2024-08-19T17:45:24.856Z", "user": 8, "content_type": 14, "object_id": "104", "object_repr": "Dress", "action_flag": 3, "change_message": ""}}, {"model": "admin.logentry", "pk": 297, "fields": {"action_time": "2024-08-19T17:45:24.884Z", "user": 8, "content_type": 14, "object_id": "105", "object_repr": "Dress", "action_flag": 3, "change_message": ""}}, {"model": "admin.logentry", "pk": 298, "fields": {"action_time": "2024-08-19T17:45:24.914Z", "user": 8, "content_type": 14, "object_id": "26", "object_repr": "Dress", "action_flag": 3, "change_message": ""}}, {"model": "admin.logentry", "pk": 299, "fields": {"action_time": "2024-08-19T17:45:24.941Z", "user": 8, "content_type": 14, "object_id": "27", "object_repr": "Dress", "action_flag": 3, "change_message": ""}}, {"model": "admin.logentry", "pk": 300, "fields": {"action_time": "2024-08-19T17:45:24.969Z", "user": 8, "content_type": 14, "object_id": "29", "object_repr": "Dress", "action_flag": 3, "change_message": ""}}, {"model": "admin.logentry", "pk": 301, "fields": {"action_time": "2024-08-19T17:45:24.996Z", "user": 8, "content_type": 14, "object_id": "28", "object_repr": "Dress", "action_flag": 3, "change_message": ""}}, {"model": "admin.logentry", "pk": 302, "fields": {"action_time": "2024-08-19T17:45:25.024Z", "user": 8, "content_type": 14, "object_id": "30", "object_repr": "Dress", "action_flag": 3, "change_message": ""}}, {"model": "admin.logentry", "pk": 303, "fields": {"action_time": "2024-08-19T17:45:25.051Z", "user": 8, "content_type": 14, "object_id": "44", "object_repr": "Dress", "action_flag": 3, "change_message": ""}}, {"model": "admin.logentry", "pk": 304, "fields": {"action_time": "2024-08-19T17:45:25.080Z", "user": 8, "content_type": 14, "object_id": "45", "object_repr": "Dress", "action_flag": 3, "change_message": ""}}, {"model": "admin.logentry", "pk": 305, "fields": {"action_time": "2024-08-19T17:45:25.107Z", "user": 8, "content_type": 14, "object_id": "47", "object_repr": "Dress", "action_flag": 3, "change_message": ""}}, {"model": "admin.logentry", "pk": 306, "fields": {"action_time": "2024-08-19T17:45:25.135Z", "user": 8, "content_type": 14, "object_id": "48", "object_repr": "Dress", "action_flag": 3, "change_message": ""}}, {"model": "admin.logentry", "pk": 307, "fields": {"action_time": "2024-08-19T17:45:25.162Z", "user": 8, "content_type": 14, "object_id": "74", "object_repr": "Dress", "action_flag": 3, "change_message": ""}}, {"model": "admin.logentry", "pk": 308, "fields": {"action_time": "2024-08-19T17:45:25.190Z", "user": 8, "content_type": 14, "object_id": "51", "object_repr": "Dress", "action_flag": 3, "change_message": ""}}, {"model": "admin.logentry", "pk": 309, "fields": {"action_time": "2024-08-19T17:45:25.217Z", "user": 8, "content_type": 14, "object_id": "50", "object_repr": "Dress", "action_flag": 3, "change_message": ""}}, {"model": "admin.logentry", "pk": 310, "fields": {"action_time": "2024-08-19T17:45:25.245Z", "user": 8, "content_type": 14, "object_id": "132", "object_repr": "Dress", "action_flag": 3, "change_message": ""}}, {"model": "admin.logentry", "pk": 311, "fields": {"action_time": "2024-08-19T17:45:25.272Z", "user": 8, "content_type": 14, "object_id": "131", "object_repr": "Dress", "action_flag": 3, "change_message": ""}}, {"model": "admin.logentry", "pk": 312, "fields": {"action_time": "2024-08-19T17:45:25.300Z", "user": 8, "content_type": 14, "object_id": "130", "object_repr": "Dress", "action_flag": 3, "change_message": ""}}, {"model": "admin.logentry", "pk": 313, "fields": {"action_time": "2024-08-19T17:45:25.328Z", "user": 8, "content_type": 14, "object_id": "128", "object_repr": "Dress", "action_flag": 3, "change_message": ""}}, {"model": "admin.logentry", "pk": 314, "fields": {"action_time": "2024-08-19T17:45:25.356Z", "user": 8, "content_type": 14, "object_id": "100", "object_repr": "Dress", "action_flag": 3, "change_message": ""}}, {"model": "admin.logentry", "pk": 315, "fields": {"action_time": "2024-08-19T17:45:25.383Z", "user": 8, "content_type": 14, "object_id": "97", "object_repr": "Dress", "action_flag": 3, "change_message": ""}}, {"model": "admin.logentry", "pk": 316, "fields": {"action_time": "2024-08-19T17:45:25.414Z", "user": 8, "content_type": 14, "object_id": "43", "object_repr": "Dress", "action_flag": 3, "change_message": ""}}, {"model": "admin.logentry", "pk": 317, "fields": {"action_time": "2024-08-19T17:45:25.441Z", "user": 8, "content_type": 14, "object_id": "24", "object_repr": "Dress", "action_flag": 3, "change_message": ""}}, {"model": "admin.logentry", "pk": 318, "fields": {"action_time": "2024-08-19T17:45:25.469Z", "user": 8, "content_type": 14, "object_id": "135", "object_repr": "Dress", "action_flag": 3, "change_message": ""}}, {"model": "admin.logentry", "pk": 319, "fields": {"action_time": "2024-08-19T17:45:25.496Z", "user": 8, "content_type": 14, "object_id": "101", "object_repr": "Dress", "action_flag": 3, "change_message": ""}}, {"model": "admin.logentry", "pk": 320, "fields": {"action_time": "2024-08-19T17:45:25.524Z", "user": 8, "content_type": 14, "object_id": "25", "object_repr": "Dress", "action_flag": 3, "change_message": ""}}, {"model": "admin.logentry", "pk": 321, "fields": {"action_time": "2024-08-19T17:45:25.551Z", "user": 8, "content_type": 14, "object_id": "136", "object_repr": "Dress", "action_flag": 3, "change_message": ""}}, {"model": "admin.logentry", "pk": 322, "fields": {"action_time": "2024-08-19T17:45:25.579Z", "user": 8, "content_type": 14, "object_id": "138", "object_repr": "Dress", "action_flag": 3, "change_message": ""}}, {"model": "admin.logentry", "pk": 323, "fields": {"action_time": "2024-08-19T17:45:25.607Z", "user": 8, "content_type": 14, "object_id": "137", "object_repr": "Dress", "action_flag": 3, "change_message": ""}}, {"model": "admin.logentry", "pk": 324, "fields": {"action_time": "2024-08-19T17:45:25.634Z", "user": 8, "content_type": 14, "object_id": "140", "object_repr": "Dress", "action_flag": 3, "change_message": ""}}, {"model": "admin.logentry", "pk": 325, "fields": {"action_time": "2024-08-19T17:45:25.663Z", "user": 8, "content_type": 14, "object_id": "139", "object_repr": "Dress", "action_flag": 3, "change_message": ""}}, {"model": "admin.logentry", "pk": 326, "fields": {"action_time": "2024-08-19T17:45:25.691Z", "user": 8, "content_type": 14, "object_id": "141", "object_repr": "Dress", "action_flag": 3, "change_message": ""}}, {"model": "admin.logentry", "pk": 327, "fields": {"action_time": "2024-08-19T17:45:25.718Z", "user": 8, "content_type": 14, "object_id": "142", "object_repr": "Dress", "action_flag": 3, "change_message": ""}}, {"model": "admin.logentry", "pk": 328, "fields": {"action_time": "2024-08-19T17:45:25.746Z", "user": 8, "content_type": 14, "object_id": "143", "object_repr": "Dress", "action_flag": 3, "change_message": ""}}, {"model": "admin.logentry", "pk": 329, "fields": {"action_time": "2024-08-19T17:45:25.774Z", "user": 8, "content_type": 14, "object_id": "145", "object_repr": "Dress", "action_flag": 3, "change_message": ""}}, {"model": "admin.logentry", "pk": 330, "fields": {"action_time": "2024-08-19T17:45:25.802Z", "user": 8, "content_type": 14, "object_id": "144", "object_repr": "Dress", "action_flag": 3, "change_message": ""}}, {"model": "admin.logentry", "pk": 331, "fields": {"action_time": "2024-08-19T17:45:25.830Z", "user": 8, "content_type": 14, "object_id": "146", "object_repr": "Dress", "action_flag": 3, "change_message": ""}}, {"model": "admin.logentry", "pk": 332, "fields": {"action_time": "2024-08-19T17:45:25.857Z", "user": 8, "content_type": 14, "object_id": "147", "object_repr": "Dress", "action_flag": 3, "change_message": ""}}, {"model": "admin.logentry", "pk": 333, "fields": {"action_time": "2024-08-19T17:47:34.093Z", "user": 8, "content_type": 14, "object_id": "165", "object_repr": "suit", "action_flag": 3, "change_message": ""}}, {"model": "admin.logentry", "pk": 334, "fields": {"action_time": "2024-08-19T17:47:34.139Z", "user": 8, "content_type": 14, "object_id": "192", "object_repr": "suits", "action_flag": 3, "change_message": ""}}, {"model": "admin.logentry", "pk": 335, "fields": {"action_time": "2024-08-19T17:47:34.169Z", "user": 8, "content_type": 14, "object_id": "166", "object_repr": "suit", "action_flag": 3, "change_message": ""}}, {"model": "admin.logentry", "pk": 336, "fields": {"action_time": "2024-08-19T17:47:34.200Z", "user": 8, "content_type": 14, "object_id": "167", "object_repr": "suit", "action_flag": 3, "change_message": ""}}, {"model": "admin.logentry", "pk": 337, "fields": {"action_time": "2024-08-19T17:47:34.232Z", "user": 8, "content_type": 14, "object_id": "169", "object_repr": "suit", "action_flag": 3, "change_message": ""}}, {"model": "admin.logentry", "pk": 338, "fields": {"action_time": "2024-08-19T17:47:34.263Z", "user": 8, "content_type": 14, "object_id": "168", "object_repr": "suit", "action_flag": 3, "change_message": ""}}, {"model": "admin.logentry", "pk": 339, "fields": {"action_time": "2024-08-19T17:47:34.293Z", "user": 8, "content_type": 14, "object_id": "171", "object_repr": "suit", "action_flag": 3, "change_message": ""}}, {"model": "admin.logentry", "pk": 340, "fields": {"action_time": "2024-08-19T17:47:34.324Z", "user": 8, "content_type": 14, "object_id": "170", "object_repr": "suit", "action_flag": 3, "change_message": ""}}, {"model": "admin.logentry", "pk": 341, "fields": {"action_time": "2024-08-19T17:47:34.354Z", "user": 8, "content_type": 14, "object_id": "172", "object_repr": "suit", "action_flag": 3, "change_message": ""}}, {"model": "admin.logentry", "pk": 342, "fields": {"action_time": "2024-08-19T17:47:34.385Z", "user": 8, "content_type": 14, "object_id": "174", "object_repr": "suit", "action_flag": 3, "change_message": ""}}, {"model": "admin.logentry", "pk": 343, "fields": {"action_time": "2024-08-19T17:47:34.415Z", "user": 8, "content_type": 14, "object_id": "173", "object_repr": "suit", "action_flag": 3, "change_message": ""}}, {"model": "admin.logentry", "pk": 344, "fields": {"action_time": "2024-08-19T17:47:34.446Z", "user": 8, "content_type": 14, "object_id": "175", "object_repr": "suit", "action_flag": 3, "change_message": ""}}, {"model": "admin.logentry", "pk": 345, "fields": {"action_time": "2024-08-19T17:47:34.476Z", "user": 8, "content_type": 14, "object_id": "176", "object_repr": "suit", "action_flag": 3, "change_message": ""}}, {"model": "admin.logentry", "pk": 346, "fields": {"action_time": "2024-08-19T17:47:34.507Z", "user": 8, "content_type": 14, "object_id": "189", "object_repr": "suit", "action_flag": 3, "change_message": ""}}, {"model": "admin.logentry", "pk": 347, "fields": {"action_time": "2024-08-19T17:47:34.538Z", "user": 8, "content_type": 14, "object_id": "178", "object_repr": "suit", "action_flag": 3, "change_message": ""}}, {"model": "admin.logentry", "pk": 348, "fields": {"action_time": "2024-08-19T17:47:34.568Z", "user": 8, "content_type": 14, "object_id": "177", "object_repr": "suit", "action_flag": 3, "change_message": ""}}, {"model": "admin.logentry", "pk": 349, "fields": {"action_time": "2024-08-19T17:47:34.599Z", "user": 8, "content_type": 14, "object_id": "156", "object_repr": "suit", "action_flag": 3, "change_message": ""}}, {"model": "admin.logentry", "pk": 350, "fields": {"action_time": "2024-08-19T17:47:34.629Z", "user": 8, "content_type": 14, "object_id": "157", "object_repr": "suit", "action_flag": 3, "change_message": ""}}, {"model": "admin.logentry", "pk": 351, "fields": {"action_time": "2024-08-19T17:47:34.660Z", "user": 8, "content_type": 14, "object_id": "158", "object_repr": "suit", "action_flag": 3, "change_message": ""}}, {"model": "admin.logentry", "pk": 352, "fields": {"action_time": "2024-08-19T17:47:34.690Z", "user": 8, "content_type": 14, "object_id": "159", "object_repr": "suit", "action_flag": 3, "change_message": ""}}, {"model": "admin.logentry", "pk": 353, "fields": {"action_time": "2024-08-19T17:47:34.721Z", "user": 8, "content_type": 14, "object_id": "160", "object_repr": "suit", "action_flag": 3, "change_message": ""}}, {"model": "admin.logentry", "pk": 354, "fields": {"action_time": "2024-08-19T17:47:34.752Z", "user": 8, "content_type": 14, "object_id": "162", "object_repr": "suit", "action_flag": 3, "change_message": ""}}, {"model": "admin.logentry", "pk": 355, "fields": {"action_time": "2024-08-19T17:47:34.783Z", "user": 8, "content_type": 14, "object_id": "163", "object_repr": "suit", "action_flag": 3, "change_message": ""}}, {"model": "admin.logentry", "pk": 356, "fields": {"action_time": "2024-08-19T17:47:34.813Z", "user": 8, "content_type": 14, "object_id": "164", "object_repr": "suit", "action_flag": 3, "change_message": ""}}, {"model": "admin.logentry", "pk": 357, "fields": {"action_time": "2024-08-19T17:47:34.844Z", "user": 8, "content_type": 14, "object_id": "179", "object_repr": "suit", "action_flag": 3, "change_message": ""}}, {"model": "admin.logentry", "pk": 358, "fields": {"action_time": "2024-08-19T17:47:34.874Z", "user": 8, "content_type": 14, "object_id": "180", "object_repr": "suit", "action_flag": 3, "change_message": ""}}, {"model": "admin.logentry", "pk": 359, "fields": {"action_time": "2024-08-19T17:47:34.905Z", "user": 8, "content_type": 14, "object_id": "181", "object_repr": "suit", "action_flag": 3, "change_message": ""}}, {"model": "admin.logentry", "pk": 360, "fields": {"action_time": "2024-08-19T17:47:34.936Z", "user": 8, "content_type": 14, "object_id": "182", "object_repr": "suit", "action_flag": 3, "change_message": ""}}, {"model": "admin.logentry", "pk": 361, "fields": {"action_time": "2024-08-19T17:47:34.966Z", "user": 8, "content_type": 14, "object_id": "183", "object_repr": "suit", "action_flag": 3, "change_message": ""}}, {"model": "admin.logentry", "pk": 362, "fields": {"action_time": "2024-08-19T17:47:34.997Z", "user": 8, "content_type": 14, "object_id": "185", "object_repr": "suit", "action_flag": 3, "change_message": ""}}, {"model": "admin.logentry", "pk": 363, "fields": {"action_time": "2024-08-19T17:47:35.028Z", "user": 8, "content_type": 14, "object_id": "184", "object_repr": "suit", "action_flag": 3, "change_message": ""}}, {"model": "admin.logentry", "pk": 364, "fields": {"action_time": "2024-08-19T17:47:35.058Z", "user": 8, "content_type": 14, "object_id": "186", "object_repr": "suit", "action_flag": 3, "change_message": ""}}, {"model": "admin.logentry", "pk": 365, "fields": {"action_time": "2024-08-19T17:47:35.089Z", "user": 8, "content_type": 14, "object_id": "187", "object_repr": "suit", "action_flag": 3, "change_message": ""}}, {"model": "admin.logentry", "pk": 366, "fields": {"action_time": "2024-08-19T17:47:35.120Z", "user": 8, "content_type": 14, "object_id": "188", "object_repr": "suit", "action_flag": 3, "change_message": ""}}, {"model": "admin.logentry", "pk": 367, "fields": {"action_time": "2024-08-19T17:50:00.016Z", "user": 8, "content_type": 14, "object_id": "124", "object_repr": "Dress", "action_flag": 3, "change_message": ""}}, {"model": "admin.logentry", "pk": 368, "fields": {"action_time": "2024-08-19T17:50:00.061Z", "user": 8, "content_type": 14, "object_id": "125", "object_repr": "Dress", "action_flag": 3, "change_message": ""}}, {"model": "admin.logentry", "pk": 369, "fields": {"action_time": "2024-08-19T17:50:00.089Z", "user": 8, "content_type": 14, "object_id": "116", "object_repr": "Dress", "action_flag": 3, "change_message": ""}}, {"model": "admin.logentry", "pk": 370, "fields": {"action_time": "2024-08-19T17:50:00.121Z", "user": 8, "content_type": 14, "object_id": "118", "object_repr": "Dress", "action_flag": 3, "change_message": ""}}, {"model": "admin.logentry", "pk": 371, "fields": {"action_time": "2024-08-19T17:50:00.150Z", "user": 8, "content_type": 14, "object_id": "117", "object_repr": "Dress", "action_flag": 3, "change_message": ""}}, {"model": "admin.logentry", "pk": 372, "fields": {"action_time": "2024-08-19T17:50:00.178Z", "user": 8, "content_type": 14, "object_id": "84", "object_repr": "Dress", "action_flag": 3, "change_message": ""}}, {"model": "admin.logentry", "pk": 373, "fields": {"action_time": "2024-08-19T17:50:00.207Z", "user": 8, "content_type": 14, "object_id": "85", "object_repr": "Dress", "action_flag": 3, "change_message": ""}}, {"model": "admin.logentry", "pk": 374, "fields": {"action_time": "2024-08-19T17:50:00.235Z", "user": 8, "content_type": 14, "object_id": "94", "object_repr": "Dress", "action_flag": 3, "change_message": ""}}, {"model": "admin.logentry", "pk": 375, "fields": {"action_time": "2024-08-19T17:50:00.263Z", "user": 8, "content_type": 14, "object_id": "88", "object_repr": "Dress", "action_flag": 3, "change_message": ""}}, {"model": "admin.logentry", "pk": 376, "fields": {"action_time": "2024-08-19T17:50:00.292Z", "user": 8, "content_type": 14, "object_id": "87", "object_repr": "Dress", "action_flag": 3, "change_message": ""}}, {"model": "admin.logentry", "pk": 377, "fields": {"action_time": "2024-08-19T17:50:00.320Z", "user": 8, "content_type": 14, "object_id": "86", "object_repr": "Dress", "action_flag": 3, "change_message": ""}}, {"model": "admin.logentry", "pk": 378, "fields": {"action_time": "2024-08-19T17:50:00.348Z", "user": 8, "content_type": 14, "object_id": "109", "object_repr": "Dress", "action_flag": 3, "change_message": ""}}, {"model": "admin.logentry", "pk": 379, "fields": {"action_time": "2024-08-19T17:50:00.377Z", "user": 8, "content_type": 14, "object_id": "108", "object_repr": "Dress", "action_flag": 3, "change_message": ""}}, {"model": "admin.logentry", "pk": 380, "fields": {"action_time": "2024-08-19T17:50:00.405Z", "user": 8, "content_type": 14, "object_id": "95", "object_repr": "Dress", "action_flag": 3, "change_message": ""}}, {"model": "admin.logentry", "pk": 381, "fields": {"action_time": "2024-08-19T17:50:00.433Z", "user": 8, "content_type": 14, "object_id": "90", "object_repr": "Dress", "action_flag": 3, "change_message": ""}}, {"model": "admin.logentry", "pk": 382, "fields": {"action_time": "2024-08-19T17:50:00.462Z", "user": 8, "content_type": 14, "object_id": "89", "object_repr": "Dress", "action_flag": 3, "change_message": ""}}, {"model": "admin.logentry", "pk": 383, "fields": {"action_time": "2024-08-19T17:50:00.490Z", "user": 8, "content_type": 14, "object_id": "148", "object_repr": "Dress", "action_flag": 3, "change_message": ""}}, {"model": "admin.logentry", "pk": 384, "fields": {"action_time": "2024-08-19T17:50:00.518Z", "user": 8, "content_type": 14, "object_id": "112", "object_repr": "Dress", "action_flag": 3, "change_message": ""}}, {"model": "admin.logentry", "pk": 385, "fields": {"action_time": "2024-08-19T17:50:00.546Z", "user": 8, "content_type": 14, "object_id": "111", "object_repr": "Dress", "action_flag": 3, "change_message": ""}}, {"model": "admin.logentry", "pk": 386, "fields": {"action_time": "2024-08-19T17:50:00.575Z", "user": 8, "content_type": 14, "object_id": "110", "object_repr": "Dress", "action_flag": 3, "change_message": ""}}, {"model": "admin.logentry", "pk": 387, "fields": {"action_time": "2024-08-19T17:50:00.603Z", "user": 8, "content_type": 14, "object_id": "91", "object_repr": "Dress", "action_flag": 3, "change_message": ""}}, {"model": "admin.logentry", "pk": 388, "fields": {"action_time": "2024-08-19T17:50:00.632Z", "user": 8, "content_type": 14, "object_id": "193", "object_repr": "Dress", "action_flag": 3, "change_message": ""}}, {"model": "admin.logentry", "pk": 389, "fields": {"action_time": "2024-08-19T17:50:00.660Z", "user": 8, "content_type": 14, "object_id": "149", "object_repr": "Dress", "action_flag": 3, "change_message": ""}}, {"model": "admin.logentry", "pk": 390, "fields": {"action_time": "2024-08-19T17:50:00.689Z", "user": 8, "content_type": 14, "object_id": "113", "object_repr": "Dress", "action_flag": 3, "change_message": ""}}, {"model": "admin.logentry", "pk": 391, "fields": {"action_time": "2024-08-19T17:50:00.717Z", "user": 8, "content_type": 14, "object_id": "92", "object_repr": "Dress", "action_flag": 3, "change_message": ""}}, {"model": "admin.logentry", "pk": 392, "fields": {"action_time": "2024-08-19T17:50:00.745Z", "user": 8, "content_type": 14, "object_id": "194", "object_repr": "Dress", "action_flag": 3, "change_message": ""}}, {"model": "admin.logentry", "pk": 393, "fields": {"action_time": "2024-08-19T17:50:00.775Z", "user": 8, "content_type": 14, "object_id": "150", "object_repr": "Dress", "action_flag": 3, "change_message": ""}}, {"model": "admin.logentry", "pk": 394, "fields": {"action_time": "2024-08-19T17:50:00.807Z", "user": 8, "content_type": 14, "object_id": "114", "object_repr": "Dress", "action_flag": 3, "change_message": ""}}, {"model": "admin.logentry", "pk": 395, "fields": {"action_time": "2024-08-19T17:50:00.835Z", "user": 8, "content_type": 14, "object_id": "93", "object_repr": "Dress", "action_flag": 3, "change_message": ""}}, {"model": "admin.logentry", "pk": 396, "fields": {"action_time": "2024-08-19T17:50:00.863Z", "user": 8, "content_type": 14, "object_id": "195", "object_repr": "Dress", "action_flag": 3, "change_message": ""}}, {"model": "admin.logentry", "pk": 397, "fields": {"action_time": "2024-08-19T17:50:00.891Z", "user": 8, "content_type": 14, "object_id": "151", "object_repr": "Dress", "action_flag": 3, "change_message": ""}}, {"model": "admin.logentry", "pk": 398, "fields": {"action_time": "2024-08-19T17:50:00.920Z", "user": 8, "content_type": 14, "object_id": "115", "object_repr": "Dress", "action_flag": 3, "change_message": ""}}, {"model": "admin.logentry", "pk": 399, "fields": {"action_time": "2024-08-19T17:50:00.948Z", "user": 8, "content_type": 14, "object_id": "152", "object_repr": "Dress", "action_flag": 3, "change_message": ""}}, {"model": "admin.logentry", "pk": 400, "fields": {"action_time": "2024-08-19T17:50:00.976Z", "user": 8, "content_type": 14, "object_id": "197", "object_repr": "Dress", "action_flag": 3, "change_message": ""}}, {"model": "admin.logentry", "pk": 401, "fields": {"action_time": "2024-08-19T17:50:01.006Z", "user": 8, "content_type": 14, "object_id": "196", "object_repr": "Dress", "action_flag": 3, "change_message": ""}}, {"model": "admin.logentry", "pk": 402, "fields": {"action_time": "2024-08-19T17:50:01.034Z", "user": 8, "content_type": 14, "object_id": "199", "object_repr": "Dress", "action_flag": 3, "change_message": ""}}, {"model": "admin.logentry", "pk": 403, "fields": {"action_time": "2024-08-19T17:50:01.063Z", "user": 8, "content_type": 14, "object_id": "198", "object_repr": "Dress", "action_flag": 3, "change_message": ""}}, {"model": "admin.logentry", "pk": 404, "fields": {"action_time": "2024-08-19T17:50:01.091Z", "user": 8, "content_type": 14, "object_id": "200", "object_repr": "Dress", "action_flag": 3, "change_message": ""}}, {"model": "admin.logentry", "pk": 405, "fields": {"action_time": "2024-08-19T17:50:01.120Z", "user": 8, "content_type": 14, "object_id": "201", "object_repr": "Dress", "action_flag": 3, "change_message": ""}}, {"model": "admin.logentry", "pk": 406, "fields": {"action_time": "2024-08-19T17:50:01.149Z", "user": 8, "content_type": 14, "object_id": "153", "object_repr": "Dress", "action_flag": 3, "change_message": ""}}, {"model": "admin.logentry", "pk": 407, "fields": {"action_time": "2024-08-19T17:50:01.177Z", "user": 8, "content_type": 14, "object_id": "154", "object_repr": "Dress", "action_flag": 3, "change_message": ""}}, {"model": "admin.logentry", "pk": 408, "fields": {"action_time": "2024-08-19T17:50:01.207Z", "user": 8, "content_type": 14, "object_id": "73", "object_repr": "Dress", "action_flag": 3, "change_message": ""}}, {"model": "admin.logentry", "pk": 409, "fields": {"action_time": "2024-08-19T17:50:01.259Z", "user": 8, "content_type": 14, "object_id": "72", "object_repr": "Dress", "action_flag": 3, "change_message": ""}}, {"model": "admin.logentry", "pk": 410, "fields": {"action_time": "2024-08-19T17:50:01.288Z", "user": 8, "content_type": 14, "object_id": "190", "object_repr": "suit", "action_flag": 3, "change_message": ""}}, {"model": "admin.logentry", "pk": 411, "fields": {"action_time": "2024-08-19T17:50:01.316Z", "user": 8, "content_type": 14, "object_id": "191", "object_repr": "Suits", "action_flag": 3, "change_message": ""}}, {"model": "admin.logentry", "pk": 412, "fields": {"action_time": "2024-08-19T17:50:01.346Z", "user": 8, "content_type": 14, "object_id": "33", "object_repr": "Dress", "action_flag": 3, "change_message": ""}}, {"model": "admin.logentry", "pk": 413, "fields": {"action_time": "2024-08-19T17:50:01.374Z", "user": 8, "content_type": 14, "object_id": "1", "object_repr": "Lehnga", "action_flag": 3, "change_message": ""}}, {"model": "admin.logentry", "pk": 414, "fields": {"action_time": "2024-08-19T17:50:01.403Z", "user": 8, "content_type": 14, "object_id": "4", "object_repr": "Lehnga", "action_flag": 3, "change_message": ""}}, {"model": "admin.logentry", "pk": 415, "fields": {"action_time": "2024-08-19T17:50:01.443Z", "user": 8, "content_type": 14, "object_id": "5", "object_repr": "Lehnga", "action_flag": 3, "change_message": ""}}, {"model": "admin.logentry", "pk": 416, "fields": {"action_time": "2024-08-19T17:50:01.471Z", "user": 8, "content_type": 14, "object_id": "6", "object_repr": "Lehnga", "action_flag": 3, "change_message": ""}}, {"model": "admin.logentry", "pk": 417, "fields": {"action_time": "2024-08-19T17:50:53.083Z", "user": 8, "content_type": 14, "object_id": "204", "object_repr": "Indo-western", "action_flag": 2, "change_message": "[{\"changed\": {\"fields\": [\"Sku\"]}}]"}}, {"model": "admin.logentry", "pk": 418, "fields": {"action_time": "2024-08-19T17:53:55.501Z", "user": 8, "content_type": 14, "object_id": "78", "object_repr": "Dress", "action_flag": 2, "change_message": "[{\"changed\": {\"fields\": [\"Image\"]}}]"}}, {"model": "admin.logentry", "pk": 419, "fields": {"action_time": "2024-08-19T17:55:47.595Z", "user": 8, "content_type": 14, "object_id": "78", "object_repr": "Dress", "action_flag": 2, "change_message": "[]"}}, {"model": "admin.logentry", "pk": 420, "fields": {"action_time": "2024-08-19T17:57:47.728Z", "user": 8, "content_type": 14, "object_id": "203", "object_repr": "Bridal Wear", "action_flag": 2, "change_message": "[{\"changed\": {\"fields\": [\"Sku\", \"Image\"]}}]"}}, {"model": "admin.logentry", "pk": 421, "fields": {"action_time": "2024-08-19T17:58:12.177Z", "user": 8, "content_type": 14, "object_id": "161", "object_repr": "suit", "action_flag": 2, "change_message": "[{\"changed\": {\"fields\": [\"Image\"]}}]"}}, {"model": "admin.logentry", "pk": 422, "fields": {"action_time": "2024-08-19T17:58:45.067Z", "user": 8, "content_type": 14, "object_id": "31", "object_repr": "Dress", "action_flag": 2, "change_message": "[{\"changed\": {\"fields\": [\"Image\"]}}]"}}, {"model": "admin.logentry", "pk": 423, "fields": {"action_time": "2024-08-19T17:59:21.611Z", "user": 8, "content_type": 14, "object_id": "53", "object_repr": "Dress", "action_flag": 2, "change_message": "[{\"changed\": {\"fields\": [\"Image\"]}}]"}}, {"model": "admin.logentry", "pk": 424, "fields": {"action_time": "2024-08-19T18:01:47.446Z", "user": 8, "content_type": 14, "object_id": "205", "object_repr": "dress", "action_flag": 1, "change_message": "[{\"added\": {}}]"}}, {"model": "admin.logentry", "pk": 425, "fields": {"action_time": "2024-08-19T18:04:45.597Z", "user": 8, "content_type": 14, "object_id": "206", "object_repr": "dress", "action_flag": 1, "change_message": "[{\"added\": {}}]"}}, {"model": "admin.logentry", "pk": 426, "fields": {"action_time": "2024-08-19T18:06:52.791Z", "user": 8, "content_type": 14, "object_id": "204", "object_repr": "Indo-western", "action_flag": 2, "change_message": "[]"}}, {"model": "admin.logentry", "pk": 427, "fields": {"action_time": "2024-08-19T18:08:42.313Z", "user": 8, "content_type": 14, "object_id": "207", "object_repr": "dress", "action_flag": 1, "change_message": "[{\"added\": {}}]"}}, {"model": "admin.logentry", "pk": 428, "fields": {"action_time": "2024-08-20T16:27:16.850Z", "user": 8, "content_type": 14, "object_id": "31", "object_repr": "Dress", "action_flag": 2, "change_message": "[{\"changed\": {\"fields\": [\"Rating\"]}}]"}}, {"model": "admin.logentry", "pk": 429, "fields": {"action_time": "2024-08-20T16:30:03.839Z", "user": 8, "content_type": 14, "object_id": "208", "object_repr": "Man suits", "action_flag": 1, "change_message": "[{\"added\": {}}]"}}, {"model": "admin.logentry", "pk": 430, "fields": {"action_time": "2024-08-20T16:34:17.876Z", "user": 8, "content_type": 14, "object_id": "209", "object_repr": "Man suits", "action_flag": 1, "change_message": "[{\"added\": {}}]"}}, {"model": "admin.logentry", "pk": 431, "fields": {"action_time": "2024-08-20T16:36:11.532Z", "user": 8, "content_type": 14, "object_id": "210", "object_repr": "Man suits", "action_flag": 1, "change_message": "[{\"added\": {}}]"}}, {"model": "admin.logentry", "pk": 432, "fields": {"action_time": "2024-08-20T16:37:37.502Z", "user": 8, "content_type": 14, "object_id": "211", "object_repr": "Man suits", "action_flag": 1, "change_message": "[{\"added\": {}}]"}}, {"model": "admin.logentry", "pk": 433, "fields": {"action_time": "2024-08-20T16:38:57.512Z", "user": 8, "content_type": 14, "object_id": "209", "object_repr": "Man suits", "action_flag": 2, "change_message": "[{\"changed\": {\"fields\": [\"Image\"]}}]"}}, {"model": "admin.logentry", "pk": 434, "fields": {"action_time": "2024-08-20T16:41:25.742Z", "user": 8, "content_type": 14, "object_id": "211", "object_repr": "Man suits", "action_flag": 3, "change_message": ""}}, {"model": "admin.logentry", "pk": 435, "fields": {"action_time": "2024-08-20T16:42:51.561Z", "user": 8, "content_type": 14, "object_id": "212", "object_repr": "Man suits", "action_flag": 1, "change_message": "[{\"added\": {}}]"}}, {"model": "admin.logentry", "pk": 436, "fields": {"action_time": "2024-08-20T16:43:43.197Z", "user": 8, "content_type": 14, "object_id": "213", "object_repr": "Man suits", "action_flag": 1, "change_message": "[{\"added\": {}}]"}}, {"model": "admin.logentry", "pk": 437, "fields": {"action_time": "2024-08-20T16:44:41.574Z", "user": 8, "content_type": 14, "object_id": "214", "object_repr": "Man suits", "action_flag": 1, "change_message": "[{\"added\": {}}]"}}, {"model": "admin.logentry", "pk": 438, "fields": {"action_time": "2024-08-20T16:45:43.455Z", "user": 8, "content_type": 14, "object_id": "215", "object_repr": "Man suits", "action_flag": 1, "change_message": "[{\"added\": {}}]"}}, {"model": "admin.logentry", "pk": 439, "fields": {"action_time": "2024-08-20T16:47:01.527Z", "user": 8, "content_type": 14, "object_id": "216", "object_repr": "Man suits", "action_flag": 1, "change_message": "[{\"added\": {}}]"}}, {"model": "admin.logentry", "pk": 440, "fields": {"action_time": "2024-08-20T16:49:26.355Z", "user": 8, "content_type": 14, "object_id": "217", "object_repr": "Man suits", "action_flag": 1, "change_message": "[{\"added\": {}}]"}}, {"model": "admin.logentry", "pk": 441, "fields": {"action_time": "2024-08-20T16:50:35.290Z", "user": 8, "content_type": 14, "object_id": "218", "object_repr": "Man suits", "action_flag": 1, "change_message": "[{\"added\": {}}]"}}, {"model": "admin.logentry", "pk": 442, "fields": {"action_time": "2024-08-20T16:51:28.676Z", "user": 8, "content_type": 14, "object_id": "219", "object_repr": "Man suits", "action_flag": 1, "change_message": "[{\"added\": {}}]"}}, {"model": "admin.logentry", "pk": 443, "fields": {"action_time": "2024-08-20T16:52:40.160Z", "user": 8, "content_type": 14, "object_id": "220", "object_repr": "Man suits", "action_flag": 1, "change_message": "[{\"added\": {}}]"}}, {"model": "admin.logentry", "pk": 444, "fields": {"action_time": "2024-08-20T16:53:51.328Z", "user": 8, "content_type": 14, "object_id": "221", "object_repr": "Man suits", "action_flag": 1, "change_message": "[{\"added\": {}}]"}}, {"model": "admin.logentry", "pk": 445, "fields": {"action_time": "2024-08-20T16:54:45.018Z", "user": 8, "content_type": 14, "object_id": "222", "object_repr": "Man suits", "action_flag": 1, "change_message": "[{\"added\": {}}]"}}, {"model": "admin.logentry", "pk": 446, "fields": {"action_time": "2024-08-20T16:55:34.774Z", "user": 8, "content_type": 14, "object_id": "223", "object_repr": "Man suits", "action_flag": 1, "change_message": "[{\"added\": {}}]"}}, {"model": "admin.logentry", "pk": 447, "fields": {"action_time": "2024-08-20T16:56:33.064Z", "user": 8, "content_type": 14, "object_id": "224", "object_repr": "Man suits", "action_flag": 1, "change_message": "[{\"added\": {}}]"}}, {"model": "admin.logentry", "pk": 448, "fields": {"action_time": "2024-08-20T16:57:15.716Z", "user": 8, "content_type": 14, "object_id": "225", "object_repr": "Man suits", "action_flag": 1, "change_message": "[{\"added\": {}}]"}}, {"model": "admin.logentry", "pk": 449, "fields": {"action_time": "2024-08-20T16:58:06.167Z", "user": 8, "content_type": 14, "object_id": "226", "object_repr": "Man suits", "action_flag": 1, "change_message": "[{\"added\": {}}]"}}, {"model": "admin.logentry", "pk": 450, "fields": {"action_time": "2024-08-20T16:59:23.346Z", "user": 8, "content_type": 14, "object_id": "227", "object_repr": "Man suits", "action_flag": 1, "change_message": "[{\"added\": {}}]"}}, {"model": "admin.logentry", "pk": 451, "fields": {"action_time": "2024-08-20T17:00:47.417Z", "user": 8, "content_type": 14, "object_id": "228", "object_repr": "Man suits", "action_flag": 1, "change_message": "[{\"added\": {}}]"}}, {"model": "admin.logentry", "pk": 452, "fields": {"action_time": "2024-08-20T17:01:40.400Z", "user": 8, "content_type": 14, "object_id": "229", "object_repr": "Man suits", "action_flag": 1, "change_message": "[{\"added\": {}}]"}}, {"model": "admin.logentry", "pk": 453, "fields": {"action_time": "2024-08-20T17:05:55.134Z", "user": 8, "content_type": 14, "object_id": "230", "object_repr": "Man suits", "action_flag": 1, "change_message": "[{\"added\": {}}]"}}, {"model": "admin.logentry", "pk": 454, "fields": {"action_time": "2024-08-20T19:57:16.197Z", "user": 8, "content_type": 13, "object_id": "8", "object_repr": "Suit", "action_flag": 1, "change_message": "[{\"added\": {}}]"}}, {"model": "admin.logentry", "pk": 455, "fields": {"action_time": "2024-08-20T19:58:02.667Z", "user": 8, "content_type": 14, "object_id": "231", "object_repr": "Man suits", "action_flag": 1, "change_message": "[{\"added\": {}}]"}}, {"model": "admin.logentry", "pk": 456, "fields": {"action_time": "2024-08-20T19:58:53.104Z", "user": 8, "content_type": 14, "object_id": "232", "object_repr": "Man suits", "action_flag": 1, "change_message": "[{\"added\": {}}]"}}, {"model": "admin.logentry", "pk": 457, "fields": {"action_time": "2024-08-20T19:59:40.832Z", "user": 8, "content_type": 14, "object_id": "233", "object_repr": "Man suits", "action_flag": 1, "change_message": "[{\"added\": {}}]"}}, {"model": "admin.logentry", "pk": 458, "fields": {"action_time": "2024-08-20T20:00:26.374Z", "user": 8, "content_type": 14, "object_id": "234", "object_repr": "Man suits", "action_flag": 1, "change_message": "[{\"added\": {}}]"}}, {"model": "admin.logentry", "pk": 459, "fields": {"action_time": "2024-08-20T20:01:10.053Z", "user": 8, "content_type": 14, "object_id": "235", "object_repr": "Man suits", "action_flag": 1, "change_message": "[{\"added\": {}}]"}}, {"model": "admin.logentry", "pk": 460, "fields": {"action_time": "2024-08-20T20:02:14.233Z", "user": 8, "content_type": 14, "object_id": "236", "object_repr": "Man suits", "action_flag": 1, "change_message": "[{\"added\": {}}]"}}, {"model": "admin.logentry", "pk": 461, "fields": {"action_time": "2024-08-20T20:03:11.171Z", "user": 8, "content_type": 14, "object_id": "237", "object_repr": "Man suits", "action_flag": 1, "change_message": "[{\"added\": {}}]"}}, {"model": "admin.logentry", "pk": 462, "fields": {"action_time": "2024-08-20T20:03:54.161Z", "user": 8, "content_type": 14, "object_id": "238", "object_repr": "Man suits", "action_flag": 1, "change_message": "[{\"added\": {}}]"}}, {"model": "admin.logentry", "pk": 463, "fields": {"action_time": "2024-08-20T20:05:33.602Z", "user": 8, "content_type": 14, "object_id": "239", "object_repr": "Indo-western", "action_flag": 1, "change_message": "[{\"added\": {}}]"}}, {"model": "admin.logentry", "pk": 464, "fields": {"action_time": "2024-08-20T20:06:25.836Z", "user": 8, "content_type": 14, "object_id": "240", "object_repr": "Indo-western", "action_flag": 1, "change_message": "[{\"added\": {}}]"}}, {"model": "admin.logentry", "pk": 465, "fields": {"action_time": "2024-08-20T20:07:22.386Z", "user": 8, "content_type": 14, "object_id": "241", "object_repr": "Indo-western", "action_flag": 1, "change_message": "[{\"added\": {}}]"}}, {"model": "admin.logentry", "pk": 466, "fields": {"action_time": "2024-08-20T20:07:36.991Z", "user": 8, "content_type": 14, "object_id": "239", "object_repr": "Indo-western", "action_flag": 2, "change_message": "[{\"changed\": {\"fields\": [\"Rating\"]}}]"}}, {"model": "admin.logentry", "pk": 467, "fields": {"action_time": "2024-08-20T20:08:03.380Z", "user": 8, "content_type": 14, "object_id": "240", "object_repr": "Indo-western", "action_flag": 2, "change_message": "[{\"changed\": {\"fields\": [\"Rating\"]}}]"}}, {"model": "admin.logentry", "pk": 468, "fields": {"action_time": "2024-08-20T20:09:00.286Z", "user": 8, "content_type": 14, "object_id": "242", "object_repr": "Indo-western", "action_flag": 1, "change_message": "[{\"added\": {}}]"}}, {"model": "admin.logentry", "pk": 469, "fields": {"action_time": "2024-08-20T20:09:43.208Z", "user": 8, "content_type": 14, "object_id": "243", "object_repr": "Indo-western", "action_flag": 1, "change_message": "[{\"added\": {}}]"}}, {"model": "admin.logentry", "pk": 470, "fields": {"action_time": "2024-08-20T20:10:24.794Z", "user": 8, "content_type": 14, "object_id": "244", "object_repr": "Indo-western", "action_flag": 1, "change_message": "[{\"added\": {}}]"}}, {"model": "admin.logentry", "pk": 471, "fields": {"action_time": "2024-08-20T20:11:19.552Z", "user": 8, "content_type": 14, "object_id": "245", "object_repr": "Indo-western", "action_flag": 1, "change_message": "[{\"added\": {}}]"}}, {"model": "admin.logentry", "pk": 472, "fields": {"action_time": "2024-08-20T20:11:57.362Z", "user": 8, "content_type": 14, "object_id": "246", "object_repr": "Indo-western", "action_flag": 1, "change_message": "[{\"added\": {}}]"}}, {"model": "admin.logentry", "pk": 473, "fields": {"action_time": "2024-08-20T20:12:55.011Z", "user": 8, "content_type": 14, "object_id": "247", "object_repr": "Lehnga", "action_flag": 1, "change_message": "[{\"added\": {}}]"}}, {"model": "admin.logentry", "pk": 474, "fields": {"action_time": "2024-08-20T20:13:53.506Z", "user": 8, "content_type": 14, "object_id": "248", "object_repr": "Lehnga", "action_flag": 1, "change_message": "[{\"added\": {}}]"}}, {"model": "admin.logentry", "pk": 475, "fields": {"action_time": "2024-08-20T20:14:35.224Z", "user": 8, "content_type": 14, "object_id": "249", "object_repr": "Lehnga", "action_flag": 1, "change_message": "[{\"added\": {}}]"}}, {"model": "admin.logentry", "pk": 476, "fields": {"action_time": "2024-08-20T20:15:23.903Z", "user": 8, "content_type": 14, "object_id": "250", "object_repr": "Lehnga", "action_flag": 1, "change_message": "[{\"added\": {}}]"}}, {"model": "admin.logentry", "pk": 477, "fields": {"action_time": "2024-08-20T20:16:12.845Z", "user": 8, "content_type": 14, "object_id": "251", "object_repr": "Lehnga", "action_flag": 1, "change_message": "[{\"added\": {}}]"}}, {"model": "admin.logentry", "pk": 478, "fields": {"action_time": "2024-08-20T20:17:09.348Z", "user": 8, "content_type": 14, "object_id": "252", "object_repr": "Lehnga", "action_flag": 1, "change_message": "[{\"added\": {}}]"}}, {"model": "admin.logentry", "pk": 479, "fields": {"action_time": "2024-08-20T20:17:57.503Z", "user": 8, "content_type": 14, "object_id": "253", "object_repr": "Lehnga", "action_flag": 1, "change_message": "[{\"added\": {}}]"}}, {"model": "admin.logentry", "pk": 480, "fields": {"action_time": "2024-08-20T20:19:39.392Z", "user": 8, "content_type": 14, "object_id": "254", "object_repr": "Lehnga", "action_flag": 1, "change_message": "[{\"added\": {}}]"}}, {"model": "admin.logentry", "pk": 481, "fields": {"action_time": "2024-08-20T20:21:40.371Z", "user": 8, "content_type": 14, "object_id": "255", "object_repr": "Lehnga", "action_flag": 1, "change_message": "[{\"added\": {}}]"}}, {"model": "admin.logentry", "pk": 482, "fields": {"action_time": "2024-08-20T20:22:31.487Z", "user": 8, "content_type": 14, "object_id": "256", "object_repr": "Lehnga", "action_flag": 1, "change_message": "[{\"added\": {}}]"}}, {"model": "admin.logentry", "pk": 483, "fields": {"action_time": "2024-08-20T20:24:16.367Z", "user": 8, "content_type": 14, "object_id": "257", "object_repr": "Lehnga", "action_flag": 1, "change_message": "[{\"added\": {}}]"}}, {"model": "admin.logentry", "pk": 484, "fields": {"action_time": "2024-08-20T20:26:21.909Z", "user": 8, "content_type": 14, "object_id": "258", "object_repr": "Dress", "action_flag": 1, "change_message": "[{\"added\": {}}]"}}, {"model": "admin.logentry", "pk": 485, "fields": {"action_time": "2024-08-20T20:27:19.208Z", "user": 8, "content_type": 14, "object_id": "259", "object_repr": "Dress", "action_flag": 1, "change_message": "[{\"added\": {}}]"}}, {"model": "admin.logentry", "pk": 486, "fields": {"action_time": "2024-08-20T20:28:04.787Z", "user": 8, "content_type": 14, "object_id": "257", "object_repr": "Lehnga", "action_flag": 2, "change_message": "[{\"changed\": {\"fields\": [\"Image\"]}}]"}}, {"model": "admin.logentry", "pk": 487, "fields": {"action_time": "2024-08-20T20:28:06.784Z", "user": 8, "content_type": 14, "object_id": "257", "object_repr": "Lehnga", "action_flag": 2, "change_message": "[{\"changed\": {\"fields\": [\"Image\"]}}]"}}, {"model": "auth.user", "pk": 1, "fields": {"password": "pbkdf2_sha256$260000$Aorf1rZ1k0CdHR722o8H3b$2IlHZLv4Tabjd9CYPeg4Jn+rJPi9l4bg/eA4lok9VMU=", "last_login": null, "is_superuser": false, "username": "seema", "first_name": "", "last_name": "", "email": "", "is_staff": false, "is_active": true, "date_joined": "2024-07-28T18:03:45Z", "groups": [], "user_permissions": []}}, {"model": "auth.user", "pk": 2, "fields": {"password": "pbkdf2_sha256$260000$1quHrTxHe7wHdOYKh11bGP$7bH2B9IfIyLaHlpsGhS/3Jnw1JVHs8nnLLlOF4AS0qs=", "last_login": "2024-08-19T16:16:34.151Z", "is_superuser": true, "username": "gitpod", "first_name": "", "last_name": "", "email": "seemavij@live.ie", "is_staff": true, "is_active": true, "date_joined": "2024-07-28T18:12:01.882Z", "groups": [], "user_permissions": []}}, {"model": "auth.user", "pk": 3, "fields": {"password": "pbkdf2_sha256$260000$eOgDBMlwOgJ4NIF0B8l3yE$TJds/aEtspKvAVIclZhHzeBN7OfPmnufNCDVyyqYYk4=", "last_login": null, "is_superuser": true, "username": "shanaya", "first_name": "", "last_name": "", "email": "seemavij@live.ie", "is_staff": true, "is_active": true, "date_joined": "2024-08-04T21:04:33.139Z", "groups": [], "user_permissions": []}}, {"model": "auth.user", "pk": 4, "fields": {"password": "pbkdf2_sha256$260000$TBX8eJmYSOEMVnwppTJNGG$z9H3uXdcjGizaYGy8VpGfd3+WAWuJaHRwacSDYi4tLQ=", "last_login": null, "is_superuser": false, "username": "hejom75081@luvnish.com", "first_name": "", "last_name": "", "email": "hejom75081@luvnish.com", "is_staff": false, "is_active": true, "date_joined": "2024-08-07T17:38:24.605Z", "groups": [], "user_permissions": []}}, {"model": "auth.user", "pk": 5, "fields": {"password": "pbkdf2_sha256$260000$grznZ7izedfRqsyaNMgM3v$2i9mrB947IASKhiBudhrRzVZhfskun950pAki1hW52U=", "last_login": null, "is_superuser": false, "username": "seemavij", "first_name": "", "last_name": "", "email": "seemavij600@gmail.com", "is_staff": false, "is_active": true, "date_joined": "2024-08-10T16:27:42.848Z", "groups": [], "user_permissions": []}}, {"model": "auth.user", "pk": 6, "fields": {"password": "pbkdf2_sha256$260000$kqRuOPbsciKNMAIX9FaDcM$gHBZRMgtdzr4+oXsJqnvwXaWa8+MkxxyVw1SX0zq+h8=", "last_login": "2024-08-10T16:43:45.435Z", "is_superuser": false, "username": "logan", "first_name": "", "last_name": "", "email": "logan.spirited89@flashoscar.com", "is_staff": false, "is_active": true, "date_joined": "2024-08-10T16:39:26.134Z", "groups": [], "user_permissions": []}}, {"model": "auth.user", "pk": 7, "fields": {"password": "pbkdf2_sha256$260000$oR7PdJmGxrDYiWn8KExz2W$iha3Yn9hpKd4vPC8qB0F10ui1ACMWrXBoaYOK/UY+eg=", "last_login": "2024-08-19T17:02:47.622Z", "is_superuser": true, "username": "sonu", "first_name": "", "last_name": "", "email": "seemavij@live.ie", "is_staff": true, "is_active": true, "date_joined": "2024-08-19T16:18:05.134Z", "groups": [], "user_permissions": []}}, {"model": "auth.user", "pk": 8, "fields": {"password": "pbkdf2_sha256$260000$NIv0xaY7V4QzB8pJZqezZE$gpwR7BB6KtluALmwZqAmkBJDLwZkt7u+iGJiMZk5TVw=", "last_login": "2024-08-19T17:06:09.259Z", "is_superuser": true, "username": "Rid", "first_name": "", "last_name": "", "email": "Seemavij@live.ie", "is_staff": true, "is_active": true, "date_joined": "2024-08-19T17:04:12.871Z", "groups": [], "user_permissions": []}}, {"model": "sessions.session", "pk": "12s0s6aelsi3ay01cylmxxslh63c76a2", "fields": {"session_data": ".eJxVjctugzAQRf9l1ggZMH6w7D5fUFXWMB4X2saOsFFSRfn3YjWb7Eb3nnvmDkiU9lgc7mXhWFbCsqbozlyW5DNM73f4v2GCC-Z8TZuHBrDA1OleCqOs7ForjFRmbGDPvEU880HnFHd4fDTgMudcpXy7rNsvTOLI6j9XabdWtYaXbEb65lgL_4XxM7WUYtnWua1I-2xze0qef96e7Itgwbwca1K9H7rgWdNgCAc9qD4geatEZ8RMvZRaC0sqBDWyIGtM8EGPMvTWWMvw-AODWWAO:1sg5mJ:b9weQL17Nz90-Y4xSplQ0is0-0OZEFD0urIj3K1ITak", "expire_date": "2024-09-02T17:02:47.721Z"}}, {"model": "sessions.session", "pk": "51e9nwqbdo4rm1uhfp63fmsidyy97949", "fields": {"session_data": ".eJx1jssKwyAQAP9lzxI0aWPx1P8oQRazoCVqcLUPQv69KT33NocZmA3QudxStdiqp1SDwxpyspGqzzODuW3wYzCwIvMzlxkEYAWjdD-ooVdSdXoYtTqNAihiWA7V0z1HfZYXdV3aIwX2ncvxCBtTSRjpv7NPAiwT8_eDXmsobzBy_wCApzmN:1sc5NH:rAu6wqRYCk1bNcaprzibQFlHPirCytk0gmxsKUF5wQM", "expire_date": "2024-08-22T15:48:23.564Z"}}, {"model": "sessions.session", "pk": "84kftqqm4w7moj3u9xf1hqlry3okj1ba", "fields": {"session_data": ".eJxtjlFPhDAQhP_LPhMCvUJbnsy9-wuMIUu7SE9oL7Sg5uJ_t1WiucS3zXwzO3MD1NpvLvY7rXa0ZHpa0M7QuW2ei1-6BVqhgxr-JNziRC5ajdF61y8UJ28CdE83-LmT_4ohvPnV5FiErhaM1VKpti3rlilWwFEGgdK128vDbHcqLaVArnS40H_087mAPlAIuZner3b9gK5KWh71Pba3uZ_BnTagfiWXgbmge_Gl9i6udiizpTxoKB-9ofl8eO8eTBimlB7YyIdKcmmkIY3NSTeN4owMR9QnYYRUDaPaiKqS48irRgsmDVfMIHEp0v4vehx--Q:1sYAR2:1zqpZ4arugb9uuCmK28Bel6eWHAB-icyPhq6_H3CaNg", "expire_date": "2024-08-11T20:24:04.845Z"}}, {"model": "sessions.session", "pk": "dvb77zla1fh8l6jaswjyw6eacm05kqfw", "fields": {"session_data": ".eJxVjEEOwiAQRe_C2hCkQxhcuvcMZGAGqRqalHbVeHdt0oVu_3vvbyrSutS4dpnjyOqirDr9bonyU9oO-EHtPuk8tWUek94VfdCubxPL63q4fweVev3WyRZIBgEZWTK5ITsXwAoDUR48ewzOypm9MVgKGJe9RYZgmQTQi3p_APGoOBU:1sg54E:N2d43aDdcNM06QW5BXp0cfglgYJiZsYxM8UdNx3nY0A", "expire_date": "2024-09-02T16:17:14.944Z"}}, {"model": "sessions.session", "pk": "is4rr3i9367u6bumkeidjpa6fv1ie55k", "fields": {"session_data": ".eJxVjMEOwiAQBf-FsyHQAgsevfcbyMKCVA0kpT0Z_9026UGvM_Pem3nc1uK3nhY_E7syyy6_LGB8pnoIemC9Nx5bXZc58CPhp-18apRet7P9OyjYy76GcSRSOgiywoCOMUhwCeQoQJKyqLNVuPMBLZqMjlBp7cDFnGEAE9jnC9iSN8A:1shA0q:CiSnDxC0W0RSY1yq1QC4wsJqq3oFeCvr5noVPx6mzow", "expire_date": "2024-09-05T15:46:12.676Z"}}, {"model": "sessions.session", "pk": "kfaedvekdwi6llnwe0vohyispxsd46m3", "fields": {"session_data": ".eJyNUMtuwyAQ_BfOlsUjOMGnpr9RVdYalhoVQ2RwH4ry7wXXaptbb6uZ2dmZvRLQOq4hD2-4OOvQDDiD86QPq_fND7smXEhPOvILwZonDNlpyC6GYcY8RZNI_3Ql33PRXyCl97iYupZJz45cCHriXLZcSKYUb8h-jvj4AqFNF7e4jOakHqyHNMWkYWl1nItDzRBgxn-Ib88N2QJuwQdn9ux_sBH0K4ZKgPcVbvdi7abZ6dSe72o-7lt3VlO5XXx0B0JIbg5HOVLTAYqTREa5Ha0CRQU_jNwwoTpLjURtpCy8EFYzabhgspomTKl-Ez9Kt0_S09sXbHaOmw:1scpBx:FEQmX9QRlncJbyV3I6JYhFKigiCcQW8t8q00yN3-irM", "expire_date": "2024-08-24T16:43:45.964Z"}}, {"model": "sessions.session", "pk": "oma8x37l441d6msa0rg1jjsvkmx3kf7h", "fields": {"session_data": ".eJxVjMsOwiAQRf-FtSHAMDxcuvcbyHSgUjU0Ke3K-O_apAvd3nPOfYlE21rT1suSpizOwovT7zYQP0rbQb5Tu82S57Yu0yB3RR60y-ucy_NyuH8HlXr91opNViawY2ujDpYMK8SioyMoyOgdoFI5j1ZjjGxHAO8jEOpogwIt3h--DjZX:1sg5kx:mVqwj00G-tdJ_5p3MJRzX5usS6SDC9TbGTAdnxLC_Ds", "expire_date": "2024-09-02T17:01:23.522Z"}}, {"model": "sessions.session", "pk": "r2vlyasniw3pf674u9vwfjrdpzaamtrt", "fields": {"session_data": ".eJy9kMsKwyAUBf_lrkWMrxhX_Y9SghhBS9QStQ9C_r0pXZduSndnMYeBWcFYm1uqo2nVu1SDNTXkNEZXfZ4K6OMK7w0aLqaUW14mQGAq6K6njEjRUY5lPzDBEbhowryT3p1z7AVR3WFu1xSKxzbH_deKW5KJ7jOzoa9GJhWWjAyKiH8pBe8woYpK_iPlCcFYXCmv2O5-CcsDNNmenMyBGg:1sbo3h:_98sPtx4DKULCYKC6drqTBU1ynsMjptovkvXQnJehHQ", "expire_date": "2024-08-21T21:19:01.503Z"}}, {"model": "sites.site", "pk": 1, "fields": {"domain": "example.com", "name": "example.com"}}, {"model": "account.emailaddress", "pk": 1, "fields": {"user": 1, "email": "seemavij@live.ie", "verified": false, "primary": true}}, {"model": "account.emailaddress", "pk": 2, "fields": {"user": 4, "email": "hejom75081@luvnish.com", "verified": false, "primary": true}}, {"model": "account.emailaddress", "pk": 3, "fields": {"user": 5, "email": "seemavij600@gmail.com", "verified": false, "primary": true}}, {"model": "account.emailaddress", "pk": 4, "fields": {"user": 6, "email": "logan.spirited89@flashoscar.com", "verified": true, "primary": true}}, {"model": "account.emailaddress", "pk": 5, "fields": {"user": 7, "email": "seemavij@live.ie", "verified": false, "primary": false}}, {"model": "products.category", "pk": 1, "fields": {"name": "Lehnga", "friendly_name": "Dresses"}}, {"model": "products.", "pk": 2, "fields": {"name": "Codset", "friendly_name": "Dresses"}}, {"model": "products.category", "pk": 3, "fields": {"name": "Sarees", "friendly_name": "Dresses"}}, {"model": "products.category", "pk": 4, "fields": {"name": "Suits", "friendly_name": "Dresses"}}, {"model": "products.category", "pk": 5, "fields": {"name": "Gowns", "friendly_name": "Dresses"}}, {"model": "products.category", "pk": 6, "fields": {"name": "Sherwani", "friendly_name": "Menswear"}}, {"model": "products.category", "pk": 7, "fields": {"name": "Bridal Wear", "friendly_name": "Dresses"}}, {"model": "products.category", "pk": 8, "fields": {"name": "Suit", "friendly_name": "Menswear"}}, {"model": "products.product", "pk": 31, "fields": {"category": 1, "sku": "sk-12343456-8", "name": "Dress", "description": "Beautiful Zardoosi Lehanga", "has_sizes": true, "price": "399.00", "rating": "4.00", "image_url": null, "image": "266.png"}}, {"model": "products.product", "pk": 53, "fields": {"category": 4, "sku": "Ck-1234567-1", "name": "Dress", "description": "women wear suits with pants", "has_sizes": true, "price": "339.00", "rating": "4.00", "image_url": null, "image": "271.png"}}, {"model": "products.product", "pk": 54, "fields": {"category": 4, "sku": "Ck-1234567-2", "name": "Dress", "description": "Beautiful Churidar suit with pajami", "has_sizes": true, "price": "339.00", "rating": "4.00", "image_url": null, "image": "media18.png"}}, {"model": "products.product", "pk": 55, "fields": {"category": 4, "sku": "Ck-1234567-3", "name": "Dress", "description": "Beautiful Churidar work suit", "has_sizes": true, "price": "309.00", "rating": "4.00", "image_url": null, "image": "media21.png"}}, {"model": "products.product", "pk": 56, "fields": {"category": 3, "sku": "Ck-1234567-4", "name": "Dress", "description": "Frok suit with staple", "has_sizes": true, "price": "239.00", "rating": "3.50", "image_url": null, "image": "media24.png"}}, {"model": "products.product", "pk": 57, "fields": {"category": 4, "sku": "Ck-1234567-5", "name": "Dress", "description": "Beautiful frill suits", "has_sizes": true, "price": "339.00", "rating": "3.50", "image_url": null, "image": "media25.png"}}, {"model": "products.product", "pk": 58, "fields": {"category": 4, "sku": "Ck-1234567-6", "name": "Dress", "description": "Remble work frok suit", "has_sizes": true, "price": "339.00", "rating": "4.00", "image_url": null, "image": "media27.png"}}, {"model": "products.product", "pk": 59, "fields": {"category": 4, "sku": "Ck-1234567-7", "name": "Dress", "description": "Elegant suit with staple work diffrent colour available", "has_sizes": true, "price": "239.00", "rating": "4.00", "image_url": null, "image": "media30.png"}}, {"model": "products.product", "pk": 60, "fields": {"category": 4, "sku": "Ck-1234567-8", "name": "Dress", "description": "Beautiful Sequence suit with Duppata", "has_sizes": true, "price": "299.00", "rating": "4.00", "image_url": null, "image": "media31.png"}}, {"model": "products.product", "pk": 61, "fields": {"category": 4, "sku": "Ck-1234567-9", "name": "Dress", "description": "Red Bridal Lehnga with Zardoosi sequence work", "has_sizes": true, "price": "399.00", "rating": "4.00", "image_url": null, "image": "media32.png"}}, {"model": "products.product", "pk": 62, "fields": {"category": 4, "sku": "Ck-1234568-1", "name": "Dress", "description": "Beautiful Red tila work suit with Duppata", "has_sizes": true, "price": "319.00", "rating": "4.00", "image_url": null, "image": "media34.png"}}, {"model": "products.product", "pk": 63, "fields": {"category": 4, "sku": "Ck-1234568-2", "name": "Dress", "description": "Red suit with belk duppata for Bridal", "has_sizes": true, "price": "299.00", "rating": "3.00", "image_url": null, "image": "media36.png"}}, {"model": "products.product", "pk": 64, "fields": {"category": 4, "sku": "Ck-1234568-3", "name": "Dress", "description": "Red suit with sharara", "has_sizes": true, "price": "299.00", "rating": "3.50", "image_url": null, "image": "media35.png"}}, {"model": "products.product", "pk": 65, "fields": {"category": 4, "sku": "Ck-1234568-4", "name": "Dress", "description": "Blue Resham deress with fabric wall blue dot showing", "has_sizes": true, "price": "299.00", "rating": "3.50", "image_url": null, "image": "media38.png"}}, {"model": "products.product", "pk": 66, "fields": {"category": 4, "sku": "Ck-1234568-5", "name": "Dress", "description": "peacock colour with Maijanta stripe", "has_sizes": true, "price": "319.00", "rating": "3.50", "image_url": null, "image": "media39.png"}}, {"model": "products.product", "pk": 68, "fields": {"category": 5, "sku": "Tk-123456-1", "name": "Dress", "description": "shiffon Gown", "has_sizes": true, "price": "219.00", "rating": "3.00", "image_url": null, "image": "media15.png"}}, {"model": "products.product", "pk": 69, "fields": {"category": 5, "sku": "Tk-123456-2", "name": "Dress", "description": "Shiffon gown with front cut", "has_sizes": true, "price": "229.00", "rating": "3.00", "image_url": null, "image": "media19.png"}}, {"model": "products.product", "pk": 70, "fields": {"category": 5, "sku": "Tk-123456-3", "name": "Dress", "description": "Shiffon Dress with elegant look", "has_sizes": true, "price": "239.00", "rating": "3.00", "image_url": null, "image": "media20.png"}}, {"model": "products.product", "pk": 71, "fields": {"category": 5, "sku": "Tk-123456-4", "name": "Dress", "description": "Tussle silk gown with lace", "has_sizes": true, "price": "239.00", "rating": "3.00", "image_url": null, "image": "media16.png"}}, {"model": "products.product", "pk": 75, "fields": {"category": 4, "sku": "Pk-1234564-6", "name": "Dress", "description": "Beautiful simple and sobber suit", "has_sizes": true, "price": "239.00", "rating": "4.00", "image_url": null, "image": "media-8.png"}}, {"model": "products.product", "pk": 78, "fields": {"category": 5, "sku": "Tk-123456-7", "name": "Dress", "description": "Black gown", "has_sizes": false, "price": "239.00", "rating": "3.50", "image_url": null, "image": "267.png"}}, {"model": "products.product", "pk": 80, "fields": {"category": 7, "sku": "Jk-1234567-2", "name": "Dress", "description": "Bridal Dress in Gown style", "has_sizes": true, "price": "449.00", "rating": "5.00", "image_url": null, "image": "Media-3.png"}}, {"model": "products.product", "pk": 161, "fields": {"category": 6, "sku": "VK-1234567-6", "name": "suit", "description": "Wedding Sherwani", "has_sizes": false, "price": "299.00", "rating": "3.50", "image_url": null, "image": "270.png"}}, {"model": "products.product", "pk": 203, "fields": {"category": 2, "sku": "ck-1234567-1", "name": "Bridal Wear", "description": "Bridal Lehnga with good sequence work", "has_sizes": true, "price": "399.00", "rating": "4.00", "image_url": null, "image": "264.png"}}, {"model": "products.product", "pk": 204, "fields": {"category": 5, "sku": "pk -1234567-1", "name": "Indo-western", "description": "This is a Indo-Western dress people can wear anywhere.\r\nSequence work on Muslin cloth", "has_sizes": true, "price": "59.99", "rating": "4.00", "image_url": "https://shanaya07.s3.eu-north-1.amazonaws.com/media/media118.png", "image": "media103.png"}}, {"model": "products.product", "pk": 205, "fields": {"category": 3, "sku": "sk- 12345678-1", "name": "dress", "description": "Beautiful Saree with elegaant work", "has_sizes": false, "price": "299.00", "rating": "4.00", "image_url": null, "image": "416.png"}}, {"model": "products.product", "pk": 206, "fields": {"category": 1, "sku": "sk- 12345678-2", "name": "dress", "description": "Beautiful wedding dress", "has_sizes": false, "price": "299.00", "rating": "4.00", "image_url": null, "image": "260.png"}}, {"model": "products.product", "pk": 207, "fields": {"category": 4, "sku": "sk- 12345678-3", "name": "dress", "description": "Indian dress", "has_sizes": false, "price": "199.00", "rating": "4.00", "image_url": null, "image": "279.png"}}, {"model": "products.product", "pk": 208, "fields": {"category": 4, "sku": "bk-1234567-1", "name": "Man suits", "description": "Party Wear suits for Men", "has_sizes": true, "price": "199.00", "rating": "4.00", "image_url": null, "image": "media140.png"}}, {"model": "products.product", "pk": 209, "fields": {"category": 4, "sku": "bk-1234567-2", "name": "Man suits", "description": "Mens Suits for party and  Groomwear", "has_sizes": true, "price": "199.00", "rating": "4.00", "image_url": null, "image": "media138.png"}}, {"model": "products.product", "pk": 210, "fields": {"category": 4, "sku": "bk-1234567-3", "name": "Man suits", "description": "Mens party wear suits", "has_sizes": false, "price": "249.00", "rating": "4.00", "image_url": null, "image": "media139.png"}}, {"model": "products.product", "pk": 212, "fields": {"category": 4, "sku": "bk-1234567-4", "name": "Man suits", "description": "Menswear", "has_sizes": false, "price": "249.00", "rating": "4.00", "image_url": null, "image": "media141.png"}}, {"model": "products.product", "pk": 213, "fields": {"category": 4, "sku": "bk-1234567-5", "name": "Man suits", "description": "Menswear", "has_sizes": false, "price": "149.00", "rating": "3.00", "image_url": null, "image": "media142.png"}}, {"model": "products.product", "pk": 214, "fields": {"category": 4, "sku": "bk-1234567-6", "name": "Man suits", "description": "Menswear", "has_sizes": false, "price": "149.00", "rating": "3.00", "image_url": null, "image": "media143.png"}}, {"model": "products.product", "pk": 215, "fields": {"category": 4, "sku": "bk-1234567-7", "name": "Man suits", "description": "Menswear", "has_sizes": false, "price": "199.00", "rating": "3.50", "image_url": null, "image": "media145.png"}}, {"model": "products.product", "pk": 216, "fields": {"category": 4, "sku": "bk-1234567-8", "name": "Man suits", "description": "Menswear", "has_sizes": true, "price": "199.00", "rating": "3.50", "image_url": null, "image": "media146.png"}}, {"model": "products.product", "pk": 217, "fields": {"category": 6, "sku": "bk-1234567-9", "name": "Man suits", "description": "Menswear", "has_sizes": true, "price": "199.00", "rating": "4.00", "image_url": null, "image": "media147.png"}}, {"model": "products.product", "pk": 218, "fields": {"category": 4, "sku": "bk-2234567-1", "name": "Man suits", "description": "Menswear", "has_sizes": true, "price": "249.00", "rating": "4.00", "image_url": null, "image": "media148.png"}}, {"model": "products.product", "pk": 219, "fields": {"category": 6, "sku": "bk-2234567-2", "name": "Man suits", "description": "Meanswear", "has_sizes": true, "price": "249.00", "rating": "4.00", "image_url": null, "image": "media151.png"}}, {"model": "products.product", "pk": 220, "fields": {"category": 6, "sku": "bk-2234567-3", "name": "Man suits", "description": "Menswear", "has_sizes": true, "price": "249.00", "rating": "4.00", "image_url": null, "image": "media150.png"}}, {"model": "products.product", "pk": 221, "fields": {"category": 4, "sku": "bk-2234567-4", "name": "Man suits", "description": "Menswear in few colours", "has_sizes": true, "price": "149.00", "rating": "3.50", "image_url": null, "image": "media152.png"}}, {"model": "products.product", "pk": 222, "fields": {"category": 4, "sku": "bk-2234567-5", "name": "Man suits", "description": "Menswear", "has_sizes": true, "price": "199.00", "rating": "4.00", "image_url": null, "image": "media153.png"}}, {"model": "products.product", "pk": 223, "fields": {"category": 4, "sku": "bk-2234567-6", "name": "Man suits", "description": "Menswear", "has_sizes": true, "price": "149.00", "rating": "4.00", "image_url": null, "image": "media154.png"}}, {"model": "products.product", "pk": 224, "fields": {"category": 4, "sku": "bk-2234567-7", "name": "Man suits", "description": "Menswear for Groom", "has_sizes": true, "price": "199.00", "rating": "4.00", "image_url": null, "image": "media155.png"}}, {"model": "products.product", "pk": 225, "fields": {"category": 4, "sku": "bk-2234567-8", "name": "Man suits", "description": "Menswear", "has_sizes": true, "price": "199.00", "rating": "4.00", "image_url": null, "image": "media156.png"}}, {"model": "products.product", "pk": 226, "fields": {"category": 6, "sku": "bk-2234567-9", "name": "Man suits", "description": "Menswear", "has_sizes": true, "price": "199.00", "rating": "4.00", "image_url": null, "image": "media157.png"}}, {"model": "products.product", "pk": 227, "fields": {"category": 6, "sku": "bk-3234567-9", "name": "Man suits", "description": "Menswear", "has_sizes": true, "price": "199.00", "rating": "4.00", "image_url": null, "image": "media158.png"}}, {"model": "products.product", "pk": 228, "fields": {"category": 4, "sku": "bk-3234567-1", "name": "Man suits", "description": "Mens Sherwani", "has_sizes": true, "price": "199.00", "rating": "4.00", "image_url": null, "image": "media162.png"}}, {"model": "products.product", "pk": 229, "fields": {"category": 4, "sku": "bk-3234567-2", "name": "Man suits", "description": "Menswear", "has_sizes": true, "price": "199.00", "rating": "4.00", "image_url": null, "image": "media161.png"}}, {"model": "products.product", "pk": 230, "fields": {"category": 4, "sku": "bk-3234567-3", "name": "Man suits", "description": "Menswear", "has_sizes": true, "price": "149.00", "rating": "4.00", "image_url": null, "image": "media160.png"}}, {"model": "products.product", "pk": 231, "fields": {"category": 6, "sku": "bk-3234567-4", "name": "Man suits", "description": "Menswear", "has_sizes": true, "price": "149.00", "rating": "4.00", "image_url": null, "image": "media164.png"}}, {"model": "products.product", "pk": 232, "fields": {"category": 6, "sku": "bk-3234567-5", "name": "Man suits", "description": "Mens wear", "has_sizes": true, "price": "149.00", "rating": "4.00", "image_url": null, "image": "media163.png"}}, {"model": "products.product", "pk": 233, "fields": {"category": 6, "sku": "bk-3234567-6", "name": "Man suits", "description": "Menswear", "has_sizes": true, "price": "199.00", "rating": "4.00", "image_url": null, "image": "media165.png"}}, {"model": "products.product", "pk": 234, "fields": {"category": 6, "sku": "bk-3234567-7", "name": "Man suits", "description": "Menswear", "has_sizes": true, "price": "129.00", "rating": "4.00", "image_url": null, "image": "media166.png"}}, {"model": "products.product", "pk": 235, "fields": {"category": 6, "sku": "bk-3234567-8", "name": "Man suits", "description": "Menswear", "has_sizes": true, "price": "179.00", "rating": "4.00", "image_url": null, "image": "media167.png"}}, {"model": "products.product", "pk": 236, "fields": {"category": 6, "sku": "bk-3234567-9", "name": "Man suits", "description": "Mens wear", "has_sizes": true, "price": "199.00", "rating": "4.00", "image_url": null, "image": "media169.png"}}, {"model": "products.product", "pk": 237, "fields": {"category": 8, "sku": "bk-4234567-1", "name": "Man suits", "description": "Menswear", "has_sizes": true, "price": "199.00", "rating": "4.00", "image_url": null, "image": "media168.png"}}, {"model": "products.product", "pk": 238, "fields": {"category": 8, "sku": "bk-4234567-2", "name": "Man suits", "description": "Menswear", "has_sizes": true, "price": "199.00", "rating": "4.00", "image_url": null, "image": "media170.png"}}, {"model": "products.product", "pk": 239, "fields": {"category": 2, "sku": "dk-1234567-1", "name": "Indo-western", "description": "indo-western dresses", "has_sizes": false, "price": "79.00", "rating": "4.00", "image_url": null, "image": "media171.png"}}, {"model": "products.product", "pk": 240, "fields": {"category": 2, "sku": "dk-1234567-2", "name": "Indo-western", "description": "Western outfit", "has_sizes": true, "price": "79.00", "rating": "4.00", "image_url": null, "image": "media172.png"}}, {"model": "products.product", "pk": 241, "fields": {"category": 2, "sku": "dk-1234567-3", "name": "Indo-western", "description": "Western outfit", "has_sizes": true, "price": "59.00", "rating": "4.00", "image_url": null, "image": "media173.png"}}, {"model": "products.product", "pk": 242, "fields": {"category": 2, "sku": "dk-1234567-4", "name": "Indo-western", "description": "Western outfit", "has_sizes": false, "price": "59.00", "rating": "3.50", "image_url": null, "image": "media174.png"}}, {"model": "products.product", "pk": 243, "fields": {"category": 2, "sku": "dk-1234567-5", "name": "Indo-western", "description": "Western outfit", "has_sizes": false, "price": "59.00", "rating": "3.50", "image_url": null, "image": "media175.png"}}, {"model": "products.product", "pk": 244, "fields": {"category": 2, "sku": "dk-1234567-6", "name": "Indo-western", "description": "Western outfit", "has_sizes": false, "price": "59.00", "rating": "3.50", "image_url": null, "image": "media176.png"}}, {"model": "products.product", "pk": 245, "fields": {"category": 2, "sku": "dk-1234567-7", "name": "Indo-western", "description": "Western outfit", "has_sizes": false, "price": "59.00", "rating": "4.00", "image_url": null, "image": "media177.png"}}, {"model": "products.product", "pk": 246, "fields": {"category": 2, "sku": "dk-1234567-8", "name": "Indo-western", "description": "Western outfit", "has_sizes": false, "price": "59.00", "rating": "4.00", "image_url": null, "image": "media178.png"}}, {"model": "products.product", "pk": 247, "fields": {"category": 1, "sku": "Pk-2234568-1", "name": "Lehnga", "description": "Bridal dress", "has_sizes": false, "price": "299.00", "rating": "4.00", "image_url": null, "image": "media181.png"}}, {"model": "products.product", "pk": 248, "fields": {"category": 1, "sku": "Pk-2234568-2", "name": "Lehnga", "description": "Bridal Dress", "has_sizes": false, "price": "329.00", "rating": "4.00", "image_url": null, "image": "media182.png"}}, {"model": "products.product", "pk": 249, "fields": {"category": 1, "sku": "Pk-2234568-3", "name": "Lehnga", "description": "Bridal Dress", "has_sizes": false, "price": "329.00", "rating": "4.00", "image_url": null, "image": "media183.png"}}, {"model": "products.product", "pk": 250, "fields": {"category": 1, "sku": "Pk-2234568-4", "name": "Lehnga", "description": "Bridal dress", "has_sizes": false, "price": "349.00", "rating": "4.00", "image_url": null, "image": "media184.png"}}, {"model": "products.product", "pk": 251, "fields": {"category": 1, "sku": "Pk-2234568-5", "name": "Lehnga", "description": "Bridal dress", "has_sizes": false, "price": "319.00", "rating": "4.00", "image_url": null, "image": "media185.png"}}, {"model": "products.product", "pk": 252, "fields": {"category": 1, "sku": "Pk-2234568-6", "name": "Lehnga", "description": "Bridal Dress", "has_sizes": true, "price": "279.00", "rating": "4.00", "image_url": null, "image": "media186.png"}}, {"model": "products.product", "pk": 253, "fields": {"category": 1, "sku": "Pk-2234568-7", "name": "Lehnga", "description": "Bridal Dress", "has_sizes": true, "price": "299.00", "rating": "4.00", "image_url": null, "image": "media187.png"}}, {"model": "products.product", "pk": 254, "fields": {"category": 1, "sku": "Pk-2234568-8", "name": "Lehnga", "description": "Bridal dress with white blouse", "has_sizes": true, "price": "299.00", "rating": "4.00", "image_url": null, "image": "media188.png"}}, {"model": "products.product", "pk": 255, "fields": {"category": 1, "sku": "Pk-2234568-9", "name": "Lehnga", "description": "beautiful lehnga with shiffon duppatta", "has_sizes": true, "price": "219.00", "rating": "4.00", "image_url": null, "image": "media189.png"}}, {"model": "products.product", "pk": 256, "fields": {"category": 1, "sku": "Pk-3234568-1", "name": "Lehnga", "description": "lehnga choli", "has_sizes": true, "price": "219.00", "rating": "4.00", "image_url": null, "image": "media190.png"}}, {"model": "products.product", "pk": 257, "fields": {"category": 1, "sku": "Pk-3234568-2", "name": "Lehnga", "description": "Lehnga dress", "has_sizes": true, "price": "279.00", "rating": "4.00", "image_url": null, "image": "media22.png"}}, {"model": "products.product", "pk": 258, "fields": {"category": 2, "sku": "Pk-2234561-1", "name": "Dress", "description": "Leehnga dress", "has_sizes": true, "price": "79.00", "rating": "4.00", "image_url": null, "image": "media192.png"}}, {"model": "products.product", "pk": 259, "fields": {"category": 2, "sku": "Pk-2234561-2", "name": "Dress", "description": "Dress", "has_sizes": true, "price": "79.00", "rating": "4.00", "image_url": null, "image": "media195.png"}}]